ticker,name,theme,theme_key,sector,price,score,catalyst,sector_momentum,technical,quality,value,risk,ret1_pct,ret5_pct,ret20_pct,rsi,band52_pct,volume_ratio,marketCap_B,forwardPE,trailingPE,ps,revenueGrowth,news_score_raw,negative_news_raw,news,reason
FTNT,"Fortinet, Inc.",Cybersecurity,cybersecurity,Technology,159.23,79.3,100,100,61,90,3,88,3.65,9.6,6.96,75.4,100.0,0.35,116.7,46.5,61.7,16.4,20.1,3.94,0.0,Monmouth University Data Breach Exposes PHI and PII - Claim Depot || Nissan probes employee data breach after Oracle cyberattack - HR Katha,"Katalizör: Monmouth University Data Breach Exposes PHI and PII - Claim Depot || Nissan probes employee data breach after Oracle cyberattack - HR Katha | Teknik: RSI 75.4, 20g 6.96% | Fwd P/E 46.5 | Gelir büy. 20.1% | 52h band 100.0%"
OKTA,"Okta, Inc.",Cybersecurity,cybersecurity,Technology,142.23,78.6,100,100,63,65,42,86,4.23,19.94,5.1,81.3,100.0,0.6,24.7,33.2,103.1,8.3,11.2,3.94,0.0,Monmouth University Data Breach Exposes PHI and PII - Claim Depot || Nissan probes employee data breach after Oracle cyberattack - HR Katha,"Katalizör: Monmouth University Data Breach Exposes PHI and PII - Claim Depot || Nissan probes employee data breach after Oracle cyberattack - HR Katha | Teknik: RSI 81.3, 20g 5.1% | Fwd P/E 33.2 | Gelir büy. 11.2% | 52h band 100.0%"
MU,"Micron Technology, Inc.",AI Infrastructure / Data Center,ai_infra,Technology,1041.86,78.5,100,55,59,93,68,79,-9.74,-0.63,-2.09,57.3,84.5,0.56,1176.7,7.0,23.6,13.0,345.7,5.21,0.91,"Amazon's AI expansion drives emissions to record high - Axios || Aflac Japan reports breach on 4.38 million customers, includes bank details - Nikkei Asia","Katalizör: Amazon's AI expansion drives emissions to record high - Axios || Aflac Japan reports breach on 4.38 million customers, includes bank details - Nikkei Asia | Teknik: RSI 57.3, 20g -2.09% | Fwd P/E 7.0 | Gelir büy. 345.7% | 52h band 84.5%"
S,"SentinelOne, Inc.",Cybersecurity,cybersecurity,Technology,17.81,77.5,100,100,68,55,44,86,4.95,17.79,2.65,81.7,74.9,0.72,6.1,36.1,,5.8,20.8,3.94,0.0,Monmouth University Data Breach Exposes PHI and PII - Claim Depot || Nissan probes employee data breach after Oracle cyberattack - HR Katha,"Katalizör: Monmouth University Data Breach Exposes PHI and PII - Claim Depot || Nissan probes employee data breach after Oracle cyberattack - HR Katha | Teknik: RSI 81.7, 20g 2.65% | Fwd P/E 36.1 | Gelir büy. 20.8% | 52h band 74.9%"
PLTR,Palantir Technologies Inc.,Defense / Aerospace,defense,Technology,127.76,77.3,100,78,56,100,7,87,9.51,12.56,-16.04,47.9,20.5,0.98,306.3,61.4,143.5,58.6,84.7,11.48,0.74,"Senator Warren Calls For Fed Watchdog Review of Bowman's BofA Dinner, WSJ Reports - GV Wire || Senator Warren Calls For Fed Watchdog Review of Bowman's BofA Dinner, WSJ Reports - GV Wire","Katalizör: Senator Warren Calls For Fed Watchdog Review of Bowman's BofA Dinner, WSJ Reports - GV Wire || Senator Warren Calls For Fed Watchdog Review of Bowman's BofA Dinner, WSJ Reports - GV Wire | Teknik: RSI 47.9, 20g -16.04% | Fwd P/E 61.4 | Gelir büy. 84.7% | 52h band 20.5%"
NVDA,NVIDIA Corporation,AI Infrastructure / Data Center,ai_infra,Technology,198.79,77.2,100,55,57,99,46,80,-0.65,-0.11,-10.68,48.5,55.5,0.52,4814.8,15.6,30.5,19.0,85.2,4.41,0.91,"Amazon's AI expansion drives emissions to record high - Axios || Aflac Japan reports breach on 4.38 million customers, includes bank details - Nikkei Asia","Katalizör: Amazon's AI expansion drives emissions to record high - Axios || Aflac Japan reports breach on 4.38 million customers, includes bank details - Nikkei Asia | Teknik: RSI 48.5, 20g -10.68% | Fwd P/E 15.6 | Gelir büy. 85.2% | 52h band 55.5%"
TENB,"Tenable Holdings, Inc.",Cybersecurity,cybersecurity,Technology,39.07,76.7,100,100,64,46,64,84,5.94,39.94,26.44,88.0,100.0,0.69,4.3,18.0,,4.2,9.6,3.94,0.0,Monmouth University Data Breach Exposes PHI and PII - Claim Depot || Nissan probes employee data breach after Oracle cyberattack - HR Katha,"Katalizör: Monmouth University Data Breach Exposes PHI and PII - Claim Depot || Nissan probes employee data breach after Oracle cyberattack - HR Katha | Teknik: RSI 88.0, 20g 26.44% | Fwd P/E 18.0 | Gelir büy. 9.6% | 52h band 100.0%"
META,"Meta Platforms, Inc.",General,general,Communication Services,621.08,76.1,100,50,66,94,26,91,10.26,11.37,4.02,63.1,36.6,1.76,1576.6,17.1,22.6,7.3,33.1,3.48,0.0,Meta Stock Surges on Report It’s Building a Cloud Business. CoreWeave Drops. - Barron's || CoreWeave and Nebius shares slide after Meta cloud expansion report (CRWV) - Yahoo Finance,"Katalizör: Meta Stock Surges on Report It’s Building a Cloud Business. CoreWeave Drops. - Barron's || CoreWeave and Nebius shares slide after Meta cloud expansion report (CRWV) - Yahoo Finance | Teknik: RSI 63.1, 20g 4.02% | Fwd P/E 17.1 | Gelir büy. 33.1% | 52h band 36.6%"
V,Visa Inc.,Banks / Fintech / Rates,fintech_banks,Financial Services,350.87,75.8,100,75,61,88,10,90,2.27,5.61,10.57,76.7,91.5,0.62,667.3,23.6,30.6,15.5,17.1,1.11,0.17,St. Cloud Area Showing Local Recession Signs Even As National Numbers Hold Steady - WJON || Fed chief Kevin Warsh says inflation risks have dipped – but keeps quiet on rate hikes - New...,"Katalizör: St. Cloud Area Showing Local Recession Signs Even As National Numbers Hold Steady - WJON || Fed chief Kevin Warsh says inflation risks have dipped – but keeps quiet on rate hikes - New... | Teknik: RSI 76.7, 20g 10.57% | Fwd P/E 23.6 | Gelir büy. 17.1% | 52h band 91.5%"
GOOGL,Alphabet Inc.,AI Infrastructure / Data Center,ai_infra,Communication Services,360.2,75.8,100,55,59,86,42,92,0.79,4.32,-0.4,52.3,81.5,0.37,4395.4,24.7,27.5,10.4,21.8,4.62,0.91,Amazon's AI expansion drives emissions to record high - Axios || Will Alphabet (GOOGL) Beat Estimates Again in Its Next Earnings Report? - Yahoo! Finance Canada,"Katalizör: Amazon's AI expansion drives emissions to record high - Axios || Will Alphabet (GOOGL) Beat Estimates Again in Its Next Earnings Report? - Yahoo! Finance Canada | Teknik: RSI 52.3, 20g -0.4% | Fwd P/E 24.7 | Gelir büy. 21.8% | 52h band 81.5%"
ZS,"Zscaler, Inc.",Cybersecurity,cybersecurity,Technology,149.5,75.8,100,100,58,58,40,86,5.92,17.47,3.71,77.3,14.4,0.53,24.2,32.5,,7.6,25.4,3.94,0.0,Monmouth University Data Breach Exposes PHI and PII - Claim Depot || Nissan probes employee data breach after Oracle cyberattack - HR Katha,"Katalizör: Monmouth University Data Breach Exposes PHI and PII - Claim Depot || Nissan probes employee data breach after Oracle cyberattack - HR Katha | Teknik: RSI 77.3, 20g 3.71% | Fwd P/E 32.5 | Gelir büy. 25.4% | 52h band 14.4%"
DDOG,"Datadog, Inc.",Cybersecurity,cybersecurity,Technology,265.17,75.7,100,100,63,69,11,83,1.85,19.09,-1.47,75.1,93.0,0.38,94.4,92.8,679.9,25.7,32.2,4.32,0.62,"Monmouth University Data Breach Exposes PHI and PII - Claim Depot || Progress Software (PRGS) Reports Strong Q2 Earnings, Beats Reven - GuruFocus","Katalizör: Monmouth University Data Breach Exposes PHI and PII - Claim Depot || Progress Software (PRGS) Reports Strong Q2 Earnings, Beats Reven - GuruFocus | Teknik: RSI 75.1, 20g -1.47% | Fwd P/E 92.8 | Gelir büy. 32.2% | 52h band 93.0%"
AVGO,Broadcom Inc.,AI Infrastructure / Data Center,ai_infra,Technology,370.39,75.7,100,55,53,93,43,89,-1.95,-3.06,-22.97,49.6,49.3,0.28,1762.2,19.1,61.6,23.4,47.9,4.22,0.91,"Amazon's AI expansion drives emissions to record high - Axios || Aflac Japan reports breach on 4.38 million customers, includes bank details - Nikkei Asia","Katalizör: Amazon's AI expansion drives emissions to record high - Axios || Aflac Japan reports breach on 4.38 million customers, includes bank details - Nikkei Asia | Teknik: RSI 49.6, 20g -22.97% | Fwd P/E 19.1 | Gelir büy. 47.9% | 52h band 49.3%"
PANW,"Palo Alto Networks, Inc.",Cybersecurity,cybersecurity,Technology,354.68,75.6,100,100,63,70,0,89,4.01,24.34,19.35,89.8,100.0,0.55,289.1,86.1,305.8,27.3,31.1,3.94,0.0,Monmouth University Data Breach Exposes PHI and PII - Claim Depot || Nissan probes employee data breach after Oracle cyberattack - HR Katha,"Katalizör: Monmouth University Data Breach Exposes PHI and PII - Claim Depot || Nissan probes employee data breach after Oracle cyberattack - HR Katha | Teknik: RSI 89.8, 20g 19.35% | Fwd P/E 86.1 | Gelir büy. 31.1% | 52h band 100.0%"
MSFT,Microsoft Corporation,AI Infrastructure / Data Center,ai_infra,Technology,388.08,75.4,100,55,50,89,51,92,4.04,6.19,-12.06,46.2,19.0,0.56,2882.8,20.0,23.1,9.1,18.3,4.53,1.53,"Amazon's AI expansion drives emissions to record high - Axios || Progress Software (PRGS) Reports Strong Q2 Earnings, Beats Reven - GuruFocus","Katalizör: Amazon's AI expansion drives emissions to record high - Axios || Progress Software (PRGS) Reports Strong Q2 Earnings, Beats Reven - GuruFocus | Teknik: RSI 46.2, 20g -12.06% | Fwd P/E 20.0 | Gelir büy. 18.3% | 52h band 19.0%"
ANET,"Arista Networks, Inc.",AI Infrastructure / Data Center,ai_infra,Technology,166.35,75.1,100,55,63,100,9,83,-2.07,2.85,-5.12,60.2,85.6,0.58,209.4,37.3,57.4,21.6,35.1,3.64,0.91,"Amazon's AI expansion drives emissions to record high - Axios || Aflac Japan reports breach on 4.38 million customers, includes bank details - Nikkei Asia","Katalizör: Amazon's AI expansion drives emissions to record high - Axios || Aflac Japan reports breach on 4.38 million customers, includes bank details - Nikkei Asia | Teknik: RSI 60.2, 20g -5.12% | Fwd P/E 37.3 | Gelir büy. 35.1% | 52h band 85.6%"
CRWD,"CrowdStrike Holdings, Inc.",Cybersecurity,cybersecurity,Technology,773.56,74.2,100,100,63,64,0,87,10.34,14.53,5.82,75.9,98.0,0.4,196.9,123.9,,38.7,25.6,3.94,0.0,Monmouth University Data Breach Exposes PHI and PII - Claim Depot || Nissan probes employee data breach after Oracle cyberattack - HR Katha,"Katalizör: Monmouth University Data Breach Exposes PHI and PII - Claim Depot || Nissan probes employee data breach after Oracle cyberattack - HR Katha | Teknik: RSI 75.9, 20g 5.82% | Fwd P/E 123.9 | Gelir büy. 25.6% | 52h band 98.0%"
TXT,Textron Inc.,Defense / Aerospace,defense,Industrials,92.12,74.0,100,78,69,45,60,84,0.43,6.45,0.84,52.1,63.8,0.26,16.0,12.6,17.6,1.1,11.8,10.65,0.12,"Senator Warren Calls For Fed Watchdog Review of Bowman's BofA Dinner, WSJ Reports - GV Wire || Senator Warren Calls For Fed Watchdog Review of Bowman's BofA Dinner, WSJ Reports - GV Wire","Katalizör: Senator Warren Calls For Fed Watchdog Review of Bowman's BofA Dinner, WSJ Reports - GV Wire || Senator Warren Calls For Fed Watchdog Review of Bowman's BofA Dinner, WSJ Reports - GV Wire | Teknik: RSI 52.1, 20g 0.84% | Fwd P/E 12.6 | Gelir büy. 11.8% | 52h band 63.8%"
SOFI,"SoFi Technologies, Inc.",Banks / Fintech / Rates,fintech_banks,Financial Services,18.64,73.8,100,75,55,76,36,77,3.93,7.65,5.05,74.3,20.4,0.66,23.9,22.9,41.4,6.1,42.5,1.11,0.17,St. Cloud Area Showing Local Recession Signs Even As National Numbers Hold Steady - WJON || Fed chief Kevin Warsh says inflation risks have dipped – but keeps quiet on rate hikes - New...,"Katalizör: St. Cloud Area Showing Local Recession Signs Even As National Numbers Hold Steady - WJON || Fed chief Kevin Warsh says inflation risks have dipped – but keeps quiet on rate hikes - New... | Teknik: RSI 74.3, 20g 5.05% | Fwd P/E 22.9 | Gelir büy. 42.5% | 52h band 20.4%"
AXP,American Express Company,Banks / Fintech / Rates,fintech_banks,Financial Services,349.36,73.4,100,75,63,65,28,88,3.28,1.98,12.34,84.8,63.4,0.38,238.4,17.3,21.8,3.5,11.6,1.11,0.17,St. Cloud Area Showing Local Recession Signs Even As National Numbers Hold Steady - WJON || Fed chief Kevin Warsh says inflation risks have dipped – but keeps quiet on rate hikes - New...,"Katalizör: St. Cloud Area Showing Local Recession Signs Even As National Numbers Hold Steady - WJON || Fed chief Kevin Warsh says inflation risks have dipped – but keeps quiet on rate hikes - New... | Teknik: RSI 84.8, 20g 12.34% | Fwd P/E 17.3 | Gelir büy. 11.6% | 52h band 63.4%"
C,"Citigroup, Inc.",Banks / Fintech / Rates,fintech_banks,Financial Services,139.71,72.9,100,75,60,47,64,90,-0.18,-2.7,6.44,63.2,90.4,0.49,238.3,11.1,17.3,3.0,15.9,1.11,0.17,St. Cloud Area Showing Local Recession Signs Even As National Numbers Hold Steady - WJON || Fed chief Kevin Warsh says inflation risks have dipped – but keeps quiet on rate hikes - New...,"Katalizör: St. Cloud Area Showing Local Recession Signs Even As National Numbers Hold Steady - WJON || Fed chief Kevin Warsh says inflation risks have dipped – but keeps quiet on rate hikes - New... | Teknik: RSI 63.2, 20g 6.44% | Fwd P/E 11.1 | Gelir büy. 15.9% | 52h band 90.4%"
MA,Mastercard Incorporated,Banks / Fintech / Rates,fintech_banks,Financial Services,525.3,72.9,100,75,58,77,9,89,2.28,6.25,9.97,70.9,43.1,0.4,464.1,23.1,30.4,13.7,15.8,1.11,0.17,St. Cloud Area Showing Local Recession Signs Even As National Numbers Hold Steady - WJON || Fed chief Kevin Warsh says inflation risks have dipped – but keeps quiet on rate hikes - New...,"Katalizör: St. Cloud Area Showing Local Recession Signs Even As National Numbers Hold Steady - WJON || Fed chief Kevin Warsh says inflation risks have dipped – but keeps quiet on rate hikes - New... | Teknik: RSI 70.9, 20g 9.97% | Fwd P/E 23.1 | Gelir büy. 15.8% | 52h band 43.1%"
WFC,Wells Fargo & Company,Banks / Fintech / Rates,fintech_banks,Financial Services,85.65,72.8,100,75,68,43,53,90,3.65,1.61,7.82,62.5,55.7,0.4,262.1,10.9,13.2,3.2,5.7,1.11,0.17,St. Cloud Area Showing Local Recession Signs Even As National Numbers Hold Steady - WJON || Fed chief Kevin Warsh says inflation risks have dipped – but keeps quiet on rate hikes - New...,"Katalizör: St. Cloud Area Showing Local Recession Signs Even As National Numbers Hold Steady - WJON || Fed chief Kevin Warsh says inflation risks have dipped – but keeps quiet on rate hikes - New... | Teknik: RSI 62.5, 20g 7.82% | Fwd P/E 10.9 | Gelir büy. 5.7% | 52h band 55.7%"
LHX,"L3Harris Technologies, Inc.",Defense / Aerospace,defense,Industrials,293.2,72.7,100,78,53,70,30,85,0.9,2.06,-4.46,43.7,35.3,0.48,54.6,21.5,31.8,4.2,190.0,10.65,0.12,"Senator Warren Calls For Fed Watchdog Review of Bowman's BofA Dinner, WSJ Reports - GV Wire || Senator Warren Calls For Fed Watchdog Review of Bowman's BofA Dinner, WSJ Reports - GV Wire","Katalizör: Senator Warren Calls For Fed Watchdog Review of Bowman's BofA Dinner, WSJ Reports - GV Wire || Senator Warren Calls For Fed Watchdog Review of Bowman's BofA Dinner, WSJ Reports - GV Wire | Teknik: RSI 43.7, 20g -4.46% | Fwd P/E 21.5 | Gelir büy. 190.0% | 52h band 35.3%"
HPE,Hewlett Packard Enterprise Comp,AI Infrastructure / Data Center,ai_infra,Technology,44.06,72.3,100,55,56,58,76,86,-2.32,-9.61,-21.29,45.4,67.4,0.35,58.4,11.0,41.2,1.5,40.0,3.64,0.91,"Amazon's AI expansion drives emissions to record high - Axios || Aflac Japan reports breach on 4.38 million customers, includes bank details - Nikkei Asia","Katalizör: Amazon's AI expansion drives emissions to record high - Axios || Aflac Japan reports breach on 4.38 million customers, includes bank details - Nikkei Asia | Teknik: RSI 45.4, 20g -21.29% | Fwd P/E 11.0 | Gelir büy. 40.0% | 52h band 67.4%"
VRT,"Vertiv Holdings, LLC",AI Infrastructure / Data Center,ai_infra,Industrials,314.23,72.2,100,55,60,81,30,76,-6.15,-0.7,-6.04,57.4,75.8,0.4,120.7,35.5,79.0,11.1,30.1,3.71,0.91,"Amazon's AI expansion drives emissions to record high - Axios || Aflac Japan reports breach on 4.38 million customers, includes bank details - Nikkei Asia","Katalizör: Amazon's AI expansion drives emissions to record high - Axios || Aflac Japan reports breach on 4.38 million customers, includes bank details - Nikkei Asia | Teknik: RSI 57.4, 20g -6.04% | Fwd P/E 35.5 | Gelir büy. 30.1% | 52h band 75.8%"
MS,Morgan Stanley,Banks / Fintech / Rates,fintech_banks,Financial Services,212.06,71.9,100,75,57,64,26,89,1.44,-3.55,-1.36,55.7,83.4,0.33,334.5,16.5,19.2,4.6,16.3,1.11,0.17,St. Cloud Area Showing Local Recession Signs Even As National Numbers Hold Steady - WJON || Fed chief Kevin Warsh says inflation risks have dipped – but keeps quiet on rate hikes - New...,"Katalizör: St. Cloud Area Showing Local Recession Signs Even As National Numbers Hold Steady - WJON || Fed chief Kevin Warsh says inflation risks have dipped – but keeps quiet on rate hikes - New... | Teknik: RSI 55.7, 20g -1.36% | Fwd P/E 16.5 | Gelir büy. 16.3% | 52h band 83.4%"
GS,"Goldman Sachs Group, Inc. (The)",Banks / Fintech / Rates,fintech_banks,Financial Services,1023.32,71.9,100,75,56,62,35,86,1.18,-4.98,-3.88,55.0,80.4,0.36,301.9,15.4,18.7,4.9,14.5,1.11,0.17,St. Cloud Area Showing Local Recession Signs Even As National Numbers Hold Steady - WJON || Fed chief Kevin Warsh says inflation risks have dipped – but keeps quiet on rate hikes - New...,"Katalizör: St. Cloud Area Showing Local Recession Signs Even As National Numbers Hold Steady - WJON || Fed chief Kevin Warsh says inflation risks have dipped – but keeps quiet on rate hikes - New... | Teknik: RSI 55.0, 20g -3.88% | Fwd P/E 15.4 | Gelir büy. 14.5% | 52h band 80.4%"
GD,General Dynamics Corporation,Defense / Aerospace,defense,Industrials,362.17,71.7,100,78,63,55,29,86,2.24,5.18,7.27,63.9,95.4,0.32,97.9,19.9,22.8,1.8,10.3,10.85,0.12,"Senator Warren Calls For Fed Watchdog Review of Bowman's BofA Dinner, WSJ Reports - GV Wire || Senator Warren Calls For Fed Watchdog Review of Bowman's BofA Dinner, WSJ Reports - GV Wire","Katalizör: Senator Warren Calls For Fed Watchdog Review of Bowman's BofA Dinner, WSJ Reports - GV Wire || Senator Warren Calls For Fed Watchdog Review of Bowman's BofA Dinner, WSJ Reports - GV Wire | Teknik: RSI 63.9, 20g 7.27% | Fwd P/E 19.9 | Gelir büy. 10.3% | 52h band 95.4%"
DELL,Dell Technologies Inc.,AI Infrastructure / Data Center,ai_infra,Technology,432.08,71.6,100,55,59,53,71,87,0.14,-0.46,-0.74,69.3,90.5,0.4,279.2,20.2,34.4,2.1,87.5,3.73,0.91,"Amazon's AI expansion drives emissions to record high - Axios || Aflac Japan reports breach on 4.38 million customers, includes bank details - Nikkei Asia","Katalizör: Amazon's AI expansion drives emissions to record high - Axios || Aflac Japan reports breach on 4.38 million customers, includes bank details - Nikkei Asia | Teknik: RSI 69.3, 20g -0.74% | Fwd P/E 20.2 | Gelir büy. 87.5% | 52h band 90.5%"
BAC,Bank of America Corporation,Banks / Fintech / Rates,fintech_banks,Financial Services,58.37,71.5,100,75,58,44,57,92,2.43,1.1,11.79,73.4,100.0,0.45,414.2,11.5,14.5,3.8,8.1,1.11,0.17,St. Cloud Area Showing Local Recession Signs Even As National Numbers Hold Steady - WJON || Fed chief Kevin Warsh says inflation risks have dipped – but keeps quiet on rate hikes - New...,"Katalizör: St. Cloud Area Showing Local Recession Signs Even As National Numbers Hold Steady - WJON || Fed chief Kevin Warsh says inflation risks have dipped – but keeps quiet on rate hikes - New... | Teknik: RSI 73.4, 20g 11.79% | Fwd P/E 11.5 | Gelir büy. 8.1% | 52h band 100.0%"
AMD,"Advanced Micro Devices, Inc.",AI Infrastructure / Data Center,ai_infra,Technology,549.75,71.0,100,55,63,80,17,74,-5.36,5.77,5.41,65.0,93.0,0.51,896.2,41.7,182.0,23.9,37.8,3.36,1.64,"Amazon's AI expansion drives emissions to record high - Axios || Intel Drops 7%, AMD Slides 5%, Taiwan Semiconductor Falls 6% as BoA Flags “Bubble Risk” - Ya...","Katalizör: Amazon's AI expansion drives emissions to record high - Axios || Intel Drops 7%, AMD Slides 5%, Taiwan Semiconductor Falls 6% as BoA Flags “Bubble Risk” - Ya... | Teknik: RSI 65.0, 20g 5.41% | Fwd P/E 41.7 | Gelir büy. 37.8% | 52h band 93.0%"
RTX,RTX Corporation,Defense / Aerospace,defense,Industrials,190.46,70.8,100,78,66,50,20,89,0.39,2.92,9.3,66.4,70.0,0.31,256.5,25.1,35.7,2.8,8.7,10.65,0.12,"Senator Warren Calls For Fed Watchdog Review of Bowman's BofA Dinner, WSJ Reports - GV Wire || Senator Warren Calls For Fed Watchdog Review of Bowman's BofA Dinner, WSJ Reports - GV Wire","Katalizör: Senator Warren Calls For Fed Watchdog Review of Bowman's BofA Dinner, WSJ Reports - GV Wire || Senator Warren Calls For Fed Watchdog Review of Bowman's BofA Dinner, WSJ Reports - GV Wire | Teknik: RSI 66.4, 20g 9.3% | Fwd P/E 25.1 | Gelir büy. 8.7% | 52h band 70.0%"
JPM,JP Morgan Chase & Co.,Banks / Fintech / Rates,fintech_banks,Financial Services,333.84,70.8,100,75,58,52,36,90,1.99,0.12,10.93,70.1,97.7,0.35,894.5,14.0,16.0,5.2,12.7,1.11,0.17,St. Cloud Area Showing Local Recession Signs Even As National Numbers Hold Steady - WJON || Fed chief Kevin Warsh says inflation risks have dipped – but keeps quiet on rate hikes - New...,"Katalizör: St. Cloud Area Showing Local Recession Signs Even As National Numbers Hold Steady - WJON || Fed chief Kevin Warsh says inflation risks have dipped – but keeps quiet on rate hikes - New... | Teknik: RSI 70.1, 20g 10.93% | Fwd P/E 14.0 | Gelir büy. 12.7% | 52h band 97.7%"
ETN,"Eaton Corporation, PLC",AI Infrastructure / Data Center,ai_infra,Industrials,416.85,70.7,100,55,63,62,37,87,-2.18,3.03,-0.18,62.8,84.5,0.43,161.9,26.4,40.7,5.7,16.8,3.71,0.91,"Amazon's AI expansion drives emissions to record high - Axios || Aflac Japan reports breach on 4.38 million customers, includes bank details - Nikkei Asia","Katalizör: Amazon's AI expansion drives emissions to record high - Axios || Aflac Japan reports breach on 4.38 million customers, includes bank details - Nikkei Asia | Teknik: RSI 62.8, 20g -0.18% | Fwd P/E 26.4 | Gelir büy. 16.8% | 52h band 84.5%"
EOG,"EOG Resources, Inc.",Oil / Gas / LNG,energy_oil_gas,Energy,129.11,70.7,100,30,51,82,58,87,-0.48,-3.97,-6.83,26.5,59.7,0.3,68.8,8.7,12.7,2.9,15.6,5.83,0.14,"Senator Warren Calls For Fed Watchdog Review of Bowman's BofA Dinner, WSJ Reports - GV Wire || Fed chief Kevin Warsh says inflation risks have dipped – but keeps quiet on rate hikes - New...","Katalizör: Senator Warren Calls For Fed Watchdog Review of Bowman's BofA Dinner, WSJ Reports - GV Wire || Fed chief Kevin Warsh says inflation risks have dipped – but keeps quiet on rate hikes - New... | Teknik: RSI 26.5, 20g -6.83% | Fwd P/E 8.7 | Gelir büy. 15.6% | 52h band 59.7%"
NET,"Cloudflare, Inc.",Cybersecurity,cybersecurity,Technology,250.33,70.0,100,100,60,50,0,81,2.06,12.01,-8.19,72.5,80.1,0.39,88.9,158.6,,38.2,33.5,4.37,1.3,"Monmouth University Data Breach Exposes PHI and PII - Claim Depot || Progress Software (PRGS) Reports Strong Q2 Earnings, Beats Reven - GuruFocus","Katalizör: Monmouth University Data Breach Exposes PHI and PII - Claim Depot || Progress Software (PRGS) Reports Strong Q2 Earnings, Beats Reven - GuruFocus | Teknik: RSI 72.5, 20g -8.19% | Fwd P/E 158.6 | Gelir büy. 33.5% | 52h band 80.1%"
MRVL,"Marvell Technology, Inc.",AI Infrastructure / Data Center,ai_infra,Technology,274.75,69.7,100,55,58,81,11,76,-7.77,-0.7,-5.52,54.9,83.6,0.3,240.4,44.5,94.1,27.6,27.6,4.1,0.91,"Amazon's AI expansion drives emissions to record high - Axios || Aflac Japan reports breach on 4.38 million customers, includes bank details - Nikkei Asia","Katalizör: Amazon's AI expansion drives emissions to record high - Axios || Aflac Japan reports breach on 4.38 million customers, includes bank details - Nikkei Asia | Teknik: RSI 54.9, 20g -5.52% | Fwd P/E 44.5 | Gelir büy. 27.6% | 52h band 83.6%"
ABBV,AbbVie Inc.,Healthcare / Biotech / GLP-1,healthcare_biotech,Healthcare,250.8,69.3,55,83,61,87,44,89,-0.33,6.77,16.43,72.5,95.2,0.28,443.1,15.4,122.9,7.1,12.4,0.16,0.0,Why Is MSC Industrial Stock Gaining Wednesday? - MSC Industrial Direct Co (NYSE:MSM) - Benzinga || Businessman goes on trial over murder of Maltese journalist,"Katalizör: Why Is MSC Industrial Stock Gaining Wednesday? - MSC Industrial Direct Co (NYSE:MSM) - Benzinga || Businessman goes on trial over murder of Maltese journalist | Teknik: RSI 72.5, 20g 16.43% | Fwd P/E 15.4 | Gelir büy. 12.4% | 52h band 95.2%"
HII,"Huntington Ingalls Industries, ",Defense / Aerospace,defense,Industrials,279.56,69.0,100,78,46,44,60,83,-0.12,-0.02,-4.8,41.8,17.8,0.34,11.0,13.9,18.2,0.9,13.4,10.65,0.12,"Senator Warren Calls For Fed Watchdog Review of Bowman's BofA Dinner, WSJ Reports - GV Wire || Senator Warren Calls For Fed Watchdog Review of Bowman's BofA Dinner, WSJ Reports - GV Wire","Katalizör: Senator Warren Calls For Fed Watchdog Review of Bowman's BofA Dinner, WSJ Reports - GV Wire || Senator Warren Calls For Fed Watchdog Review of Bowman's BofA Dinner, WSJ Reports - GV Wire | Teknik: RSI 41.8, 20g -4.8% | Fwd P/E 13.9 | Gelir büy. 13.4% | 52h band 17.8%"
AVAV,"AeroVironment, Inc.",Defense / Aerospace,defense,Industrials,171.94,68.7,100,78,60,43,32,81,4.16,20.93,-15.86,49.5,12.9,1.11,8.7,31.9,,4.4,133.3,10.65,0.12,"Senator Warren Calls For Fed Watchdog Review of Bowman's BofA Dinner, WSJ Reports - GV Wire || Senator Warren Calls For Fed Watchdog Review of Bowman's BofA Dinner, WSJ Reports - GV Wire","Katalizör: Senator Warren Calls For Fed Watchdog Review of Bowman's BofA Dinner, WSJ Reports - GV Wire || Senator Warren Calls For Fed Watchdog Review of Bowman's BofA Dinner, WSJ Reports - GV Wire | Teknik: RSI 49.5, 20g -15.86% | Fwd P/E 31.9 | Gelir büy. 133.3% | 52h band 12.9%"
TSM,Taiwan Semiconductor Manufactur,Semiconductor / Equipment,semiconductor,Technology,445.75,68.7,50,58,63,98,62,90,-6.66,1.12,0.02,58.9,87.5,0.83,2311.9,22.1,38.7,0.6,35.1,-0.35,0.73,"Intel Drops 7%, AMD Slides 5%, Taiwan Semiconductor Falls 6% as BoA Flags “Bubble Risk” - Ya... || Mortgage rates clock seventh straight week over 6.5% - Scotsman Guide","Katalizör: Intel Drops 7%, AMD Slides 5%, Taiwan Semiconductor Falls 6% as BoA Flags “Bubble Risk” - Ya... || Mortgage rates clock seventh straight week over 6.5% - Scotsman Guide | Teknik: RSI 58.9, 20g 0.02% | Fwd P/E 22.1 | Gelir büy. 35.1% | 52h band 87.5%"
LMT,Lockheed Martin Corporation,Defense / Aerospace,defense,Industrials,518.54,68.6,100,78,58,38,42,86,1.78,5.47,1.0,47.8,43.5,0.53,119.6,16.2,25.1,1.6,0.3,10.65,0.12,"Senator Warren Calls For Fed Watchdog Review of Bowman's BofA Dinner, WSJ Reports - GV Wire || Senator Warren Calls For Fed Watchdog Review of Bowman's BofA Dinner, WSJ Reports - GV Wire","Katalizör: Senator Warren Calls For Fed Watchdog Review of Bowman's BofA Dinner, WSJ Reports - GV Wire || Senator Warren Calls For Fed Watchdog Review of Bowman's BofA Dinner, WSJ Reports - GV Wire | Teknik: RSI 47.8, 20g 1.0% | Fwd P/E 16.2 | Gelir büy. 0.3% | 52h band 43.5%"
ORCL,Oracle Corporation,AI Infrastructure / Data Center,ai_infra,Technology,143.96,68.6,100,55,39,62,66,85,-1.77,-8.61,-41.14,12.3,4.2,0.86,414.7,13.2,24.7,6.2,20.6,4.32,1.53,"Amazon's AI expansion drives emissions to record high - Axios || Progress Software (PRGS) Reports Strong Q2 Earnings, Beats Reven - GuruFocus","Katalizör: Amazon's AI expansion drives emissions to record high - Axios || Progress Software (PRGS) Reports Strong Q2 Earnings, Beats Reven - GuruFocus | Teknik: RSI 12.3, 20g -41.14% | Fwd P/E 13.2 | Gelir büy. 20.6% | 52h band 4.2%"
ADBE,Adobe Inc.,Cloud / Software / SaaS,software_cloud,Technology,211.35,68.3,58,74,45,86,80,85,3.09,7.52,-19.37,34.8,9.0,0.4,84.0,7.7,12.1,3.3,12.7,0.38,0.62,"Progress Software (PRGS) Reports Strong Q2 Earnings, Beats Reven - GuruFocus || Fed chief Kevin Warsh says inflation risks have dipped – but keeps quiet on rate hikes - New...","Katalizör: Progress Software (PRGS) Reports Strong Q2 Earnings, Beats Reven - GuruFocus || Fed chief Kevin Warsh says inflation risks have dipped – but keeps quiet on rate hikes - New... | Teknik: RSI 34.8, 20g -19.37% | Fwd P/E 7.7 | Gelir büy. 12.7% | 52h band 9.0%"
NOW,"ServiceNow, Inc.",Cloud / Software / SaaS,software_cloud,Technology,106.62,68.1,58,74,60,79,55,90,7.39,13.67,-16.47,50.6,18.8,0.67,110.0,21.2,63.5,7.9,22.1,0.38,0.62,"Progress Software (PRGS) Reports Strong Q2 Earnings, Beats Reven - GuruFocus || Fed chief Kevin Warsh says inflation risks have dipped – but keeps quiet on rate hikes - New...","Katalizör: Progress Software (PRGS) Reports Strong Q2 Earnings, Beats Reven - GuruFocus || Fed chief Kevin Warsh says inflation risks have dipped – but keeps quiet on rate hikes - New... | Teknik: RSI 50.6, 20g -16.47% | Fwd P/E 21.2 | Gelir büy. 22.1% | 52h band 18.8%"
WDAY,"Workday, Inc.",Cloud / Software / SaaS,software_cloud,Technology,129.64,67.7,58,74,59,69,79,87,5.9,9.78,-12.92,42.7,12.7,0.37,32.0,10.3,40.4,3.2,13.5,0.38,0.62,"Progress Software (PRGS) Reports Strong Q2 Earnings, Beats Reven - GuruFocus || Fed chief Kevin Warsh says inflation risks have dipped – but keeps quiet on rate hikes - New...","Katalizör: Progress Software (PRGS) Reports Strong Q2 Earnings, Beats Reven - GuruFocus || Fed chief Kevin Warsh says inflation risks have dipped – but keeps quiet on rate hikes - New... | Teknik: RSI 42.7, 20g -12.92% | Fwd P/E 10.3 | Gelir büy. 13.5% | 52h band 12.7%"
NOC,Northrop Grumman Corporation,Defense / Aerospace,defense,Industrials,520.18,67.6,100,78,48,50,28,85,2.13,3.41,-3.06,40.6,10.6,0.4,73.9,17.2,16.3,1.7,4.4,10.9,0.12,"Senator Warren Calls For Fed Watchdog Review of Bowman's BofA Dinner, WSJ Reports - GV Wire || Senator Warren Calls For Fed Watchdog Review of Bowman's BofA Dinner, WSJ Reports - GV Wire","Katalizör: Senator Warren Calls For Fed Watchdog Review of Bowman's BofA Dinner, WSJ Reports - GV Wire || Senator Warren Calls For Fed Watchdog Review of Bowman's BofA Dinner, WSJ Reports - GV Wire | Teknik: RSI 40.6, 20g -3.06% | Fwd P/E 17.2 | Gelir büy. 4.4% | 52h band 10.6%"
PYPL,"PayPal Holdings, Inc.",Crypto-linked Equities,crypto_equities,Financial Services,44.34,67.5,100,18,52,69,69,86,2.7,4.39,-0.09,66.6,14.2,0.55,39.1,7.7,8.3,1.2,7.2,1.43,0.26,St. Cloud Area Showing Local Recession Signs Even As National Numbers Hold Steady - WJON || Fed chief Kevin Warsh says inflation risks have dipped – but keeps quiet on rate hikes - New...,"Katalizör: St. Cloud Area Showing Local Recession Signs Even As National Numbers Hold Steady - WJON || Fed chief Kevin Warsh says inflation risks have dipped – but keeps quiet on rate hikes - New... | Teknik: RSI 66.6, 20g -0.09% | Fwd P/E 7.7 | Gelir büy. 7.2% | 52h band 14.2%"
NVO,Novo Nordisk A/S,Healthcare / Biotech / GLP-1,healthcare_biotech,Healthcare,48.67,66.9,59,83,64,74,33,90,1.53,2.67,13.41,85.3,41.4,0.56,215.5,15.0,11.7,0.7,24.0,0.38,0.0,Businessman goes on trial over murder of Maltese journalist || Why Is MSC Industrial Stock Gaining Wednesday? - MSC Industrial Direct Co (NYSE:MSM) - Benzinga,"Katalizör: Businessman goes on trial over murder of Maltese journalist || Why Is MSC Industrial Stock Gaining Wednesday? - MSC Industrial Direct Co (NYSE:MSM) - Benzinga | Teknik: RSI 85.3, 20g 13.41% | Fwd P/E 15.0 | Gelir büy. 24.0% | 52h band 41.4%"
BA,Boeing Company (The),Defense / Aerospace,defense,Industrials,218.37,66.4,100,78,58,36,19,88,0.88,-0.85,0.31,59.3,53.7,0.38,172.1,52.2,86.3,1.9,14.0,9.44,5.3,"Senator Warren Calls For Fed Watchdog Review of Bowman's BofA Dinner, WSJ Reports - GV Wire || Senator Warren Calls For Fed Watchdog Review of Bowman's BofA Dinner, WSJ Reports - GV Wire","Katalizör: Senator Warren Calls For Fed Watchdog Review of Bowman's BofA Dinner, WSJ Reports - GV Wire || Senator Warren Calls For Fed Watchdog Review of Bowman's BofA Dinner, WSJ Reports - GV Wire | Teknik: RSI 59.3, 20g 0.31% | Fwd P/E 52.2 | Gelir büy. 14.0% | 52h band 53.7%"
CRM,"Salesforce, Inc.",Cloud / Software / SaaS,software_cloud,Technology,164.52,66.0,58,74,50,70,75,89,5.02,7.7,-17.87,43.3,11.9,0.47,134.7,10.6,19.1,3.1,13.3,0.38,0.62,"Progress Software (PRGS) Reports Strong Q2 Earnings, Beats Reven - GuruFocus || Fed chief Kevin Warsh says inflation risks have dipped – but keeps quiet on rate hikes - New...","Katalizör: Progress Software (PRGS) Reports Strong Q2 Earnings, Beats Reven - GuruFocus || Fed chief Kevin Warsh says inflation risks have dipped – but keeps quiet on rate hikes - New... | Teknik: RSI 43.3, 20g -17.87% | Fwd P/E 10.6 | Gelir büy. 13.3% | 52h band 11.9%"
KMI,"Kinder Morgan, Inc.",Oil / Gas / LNG,energy_oil_gas,Energy,31.74,65.9,100,30,58,66,29,88,-0.74,-2.62,0.94,48.9,72.1,0.31,70.6,21.2,21.3,4.0,13.8,5.83,0.14,"Senator Warren Calls For Fed Watchdog Review of Bowman's BofA Dinner, WSJ Reports - GV Wire || Fed chief Kevin Warsh says inflation risks have dipped – but keeps quiet on rate hikes - New...","Katalizör: Senator Warren Calls For Fed Watchdog Review of Bowman's BofA Dinner, WSJ Reports - GV Wire || Fed chief Kevin Warsh says inflation risks have dipped – but keeps quiet on rate hikes - New... | Teknik: RSI 48.9, 20g 0.94% | Fwd P/E 21.2 | Gelir büy. 13.8% | 52h band 72.1%"
SMCI,"Super Micro Computer, Inc.",AI Infrastructure / Data Center,ai_infra,Technology,28.21,65.7,100,55,42,41,79,80,-3.82,-13.07,-43.77,47.9,19.1,0.41,18.2,8.9,14.8,0.5,122.7,3.83,0.91,"Amazon's AI expansion drives emissions to record high - Axios || Aflac Japan reports breach on 4.38 million customers, includes bank details - Nikkei Asia","Katalizör: Amazon's AI expansion drives emissions to record high - Axios || Aflac Japan reports breach on 4.38 million customers, includes bank details - Nikkei Asia | Teknik: RSI 47.9, 20g -43.77% | Fwd P/E 8.9 | Gelir büy. 122.7% | 52h band 19.1%"
REGN,"Regeneron Pharmaceuticals, Inc.",Healthcare / Biotech / GLP-1,healthcare_biotech,Healthcare,625.22,65.6,55,83,51,78,51,85,0.27,0.29,3.7,68.7,33.5,0.51,65.5,11.6,15.3,4.4,19.0,0.16,0.0,Why Is MSC Industrial Stock Gaining Wednesday? - MSC Industrial Direct Co (NYSE:MSM) - Benzinga || Businessman goes on trial over murder of Maltese journalist,"Katalizör: Why Is MSC Industrial Stock Gaining Wednesday? - MSC Industrial Direct Co (NYSE:MSM) - Benzinga || Businessman goes on trial over murder of Maltese journalist | Teknik: RSI 68.7, 20g 3.7% | Fwd P/E 11.6 | Gelir büy. 19.0% | 52h band 33.5%"
COP,ConocoPhillips,Oil / Gas / LNG,energy_oil_gas,Energy,103.78,64.9,100,30,45,58,61,88,-0.17,-2.94,-11.2,16.1,41.0,0.31,126.4,11.3,17.6,2.1,-5.3,6.02,0.14,"Senator Warren Calls For Fed Watchdog Review of Bowman's BofA Dinner, WSJ Reports - GV Wire || Fed chief Kevin Warsh says inflation risks have dipped – but keeps quiet on rate hikes - New...","Katalizör: Senator Warren Calls For Fed Watchdog Review of Bowman's BofA Dinner, WSJ Reports - GV Wire || Fed chief Kevin Warsh says inflation risks have dipped – but keeps quiet on rate hikes - New... | Teknik: RSI 16.1, 20g -11.2% | Fwd P/E 11.3 | Gelir büy. -5.3% | 52h band 41.0%"
KTOS,Kratos Defense & Security Solut,Defense / Aerospace,defense,Industrials,52.54,64.8,100,78,51,40,12,85,5.38,9.57,-16.96,45.1,10.8,0.64,9.9,48.8,309.1,7.0,22.6,10.65,0.12,"Senator Warren Calls For Fed Watchdog Review of Bowman's BofA Dinner, WSJ Reports - GV Wire || Senator Warren Calls For Fed Watchdog Review of Bowman's BofA Dinner, WSJ Reports - GV Wire","Katalizör: Senator Warren Calls For Fed Watchdog Review of Bowman's BofA Dinner, WSJ Reports - GV Wire || Senator Warren Calls For Fed Watchdog Review of Bowman's BofA Dinner, WSJ Reports - GV Wire | Teknik: RSI 45.1, 20g -16.96% | Fwd P/E 48.8 | Gelir büy. 22.6% | 52h band 10.8%"
NXPI,NXP Semiconductors N.V.,Semiconductor / Equipment,semiconductor,Technology,279.89,64.8,59,58,54,79,67,79,-0.4,-4.82,-13.22,48.2,65.5,0.31,70.7,15.8,26.7,5.6,12.2,0.25,0.0,"Advanced Micro Devices vs Marvell Technology: The Better AI Chip Maker - 24/7 Wall St. || Intel Drops 7%, AMD Slides 5%, Taiwan Semiconductor Falls 6% as BoA Flags “Bubble Risk” - Ya...","Katalizör: Advanced Micro Devices vs Marvell Technology: The Better AI Chip Maker - 24/7 Wall St. || Intel Drops 7%, AMD Slides 5%, Taiwan Semiconductor Falls 6% as BoA Flags “Bubble Risk” - Ya... | Teknik: RSI 48.2, 20g -13.22% | Fwd P/E 15.8 | Gelir büy. 12.2% | 52h band 65.5%"
PATH,"UiPath, Inc.",Robotics / Physical AI / Automation,robotics_physical_ai,Technology,11.77,64.8,52,52,61,77,78,88,8.23,14.11,-3.41,64.4,24.1,1.01,6.1,13.0,19.6,3.6,17.3,0.08,0.0,How foodservice giant Sodexo is embracing AI and robotics to reshape the kitchen - Fortune || Companies rehire workers laid off for AI as automation falls short - qz.com,"Katalizör: How foodservice giant Sodexo is embracing AI and robotics to reshape the kitchen - Fortune || Companies rehire workers laid off for AI as automation falls short - qz.com | Teknik: RSI 64.4, 20g -3.41% | Fwd P/E 13.0 | Gelir büy. 17.3% | 52h band 24.1%"
VRTX,Vertex Pharmaceuticals Incorpor,Healthcare / Biotech / GLP-1,healthcare_biotech,Healthcare,497.97,64.7,55,83,61,86,6,86,0.25,4.79,17.14,87.5,98.7,0.32,126.4,23.2,29.6,10.3,7.8,0.16,0.0,Why Is MSC Industrial Stock Gaining Wednesday? - MSC Industrial Direct Co (NYSE:MSM) - Benzinga || Businessman goes on trial over murder of Maltese journalist,"Katalizör: Why Is MSC Industrial Stock Gaining Wednesday? - MSC Industrial Direct Co (NYSE:MSM) - Benzinga || Businessman goes on trial over murder of Maltese journalist | Teknik: RSI 87.5, 20g 17.14% | Fwd P/E 23.2 | Gelir büy. 7.8% | 52h band 98.7%"
OXY,Occidental Petroleum Corporatio,Oil / Gas / LNG,energy_oil_gas,Energy,48.28,64.6,100,30,43,59,60,88,-0.59,-5.49,-17.91,13.3,35.5,0.44,48.0,12.1,65.2,2.3,-8.3,5.83,0.14,"Senator Warren Calls For Fed Watchdog Review of Bowman's BofA Dinner, WSJ Reports - GV Wire || Fed chief Kevin Warsh says inflation risks have dipped – but keeps quiet on rate hikes - New...","Katalizör: Senator Warren Calls For Fed Watchdog Review of Bowman's BofA Dinner, WSJ Reports - GV Wire || Fed chief Kevin Warsh says inflation risks have dipped – but keeps quiet on rate hikes - New... | Teknik: RSI 13.3, 20g -17.91% | Fwd P/E 12.1 | Gelir büy. -8.3% | 52h band 35.5%"
ADI,"Analog Devices, Inc.",Semiconductor / Equipment,semiconductor,Technology,392.15,64.6,59,58,55,87,40,88,-1.26,-5.09,-7.34,49.9,76.6,0.32,191.0,26.5,58.4,15.0,37.2,0.25,0.0,"Advanced Micro Devices vs Marvell Technology: The Better AI Chip Maker - 24/7 Wall St. || Intel Drops 7%, AMD Slides 5%, Taiwan Semiconductor Falls 6% as BoA Flags “Bubble Risk” - Ya...","Katalizör: Advanced Micro Devices vs Marvell Technology: The Better AI Chip Maker - 24/7 Wall St. || Intel Drops 7%, AMD Slides 5%, Taiwan Semiconductor Falls 6% as BoA Flags “Bubble Risk” - Ya... | Teknik: RSI 49.9, 20g -7.34% | Fwd P/E 26.5 | Gelir büy. 37.2% | 52h band 76.6%"
AMGN,Amgen Inc.,Healthcare / Biotech / GLP-1,healthcare_biotech,Healthcare,358.78,64.6,55,83,66,72,21,87,-0.92,2.09,9.3,66.7,77.9,0.31,193.6,15.3,24.9,5.2,5.8,0.16,0.0,Why Is MSC Industrial Stock Gaining Wednesday? - MSC Industrial Direct Co (NYSE:MSM) - Benzinga || Businessman goes on trial over murder of Maltese journalist,"Katalizör: Why Is MSC Industrial Stock Gaining Wednesday? - MSC Industrial Direct Co (NYSE:MSM) - Benzinga || Businessman goes on trial over murder of Maltese journalist | Teknik: RSI 66.7, 20g 9.3% | Fwd P/E 15.3 | Gelir büy. 5.8% | 52h band 77.9%"
ARM,Arm Holdings plc,Semiconductor / Equipment,semiconductor,Technology,340.61,64.5,83,58,58,85,0,65,-3.94,-5.14,-15.42,55.5,70.5,0.28,363.8,110.4,400.7,73.9,20.1,1.73,0.0,Cigna’s Evernorth Makes $100 Million AI Specialty Pharmacy Investment - Forbes || Collegium Pharmaceutical Stock Gains 12% in Three Months: Here's Why - Zacks Investment Rese...,"Katalizör: Cigna’s Evernorth Makes $100 Million AI Specialty Pharmacy Investment - Forbes || Collegium Pharmaceutical Stock Gains 12% in Three Months: Here's Why - Zacks Investment Rese... | Teknik: RSI 55.5, 20g -15.42% | Fwd P/E 110.4 | Gelir büy. 20.1% | 52h band 70.5%"
QCOM,QUALCOMM Incorporated,Semiconductor / Equipment,semiconductor,Technology,185.99,64.5,59,58,53,75,70,85,0.65,-5.79,-22.49,47.6,49.3,0.57,196.0,17.0,20.0,4.4,-3.5,0.25,0.0,"Advanced Micro Devices vs Marvell Technology: The Better AI Chip Maker - 24/7 Wall St. || Intel Drops 7%, AMD Slides 5%, Taiwan Semiconductor Falls 6% as BoA Flags “Bubble Risk” - Ya...","Katalizör: Advanced Micro Devices vs Marvell Technology: The Better AI Chip Maker - 24/7 Wall St. || Intel Drops 7%, AMD Slides 5%, Taiwan Semiconductor Falls 6% as BoA Flags “Bubble Risk” - Ya... | Teknik: RSI 47.6, 20g -22.49% | Fwd P/E 17.0 | Gelir büy. -3.5% | 52h band 49.3%"
MRK,"Merck & Company, Inc.",Healthcare / Biotech / GLP-1,healthcare_biotech,Healthcare,125.87,64.5,55,83,63,73,22,90,-2.05,4.37,9.62,63.7,93.5,0.3,310.9,13.1,35.5,4.7,4.9,0.16,0.0,Why Is MSC Industrial Stock Gaining Wednesday? - MSC Industrial Direct Co (NYSE:MSM) - Benzinga || Businessman goes on trial over murder of Maltese journalist,"Katalizör: Why Is MSC Industrial Stock Gaining Wednesday? - MSC Industrial Direct Co (NYSE:MSM) - Benzinga || Businessman goes on trial over murder of Maltese journalist | Teknik: RSI 63.7, 20g 9.62% | Fwd P/E 13.1 | Gelir büy. 4.9% | 52h band 93.5%"
LNG,"Cheniere Energy, Inc.",Oil / Gas / LNG,energy_oil_gas,Energy,242.24,64.2,100,30,64,51,30,86,1.35,4.93,2.64,50.4,50.2,0.41,50.8,12.4,41.1,2.4,24.2,5.83,0.14,"Senator Warren Calls For Fed Watchdog Review of Bowman's BofA Dinner, WSJ Reports - GV Wire || Fed chief Kevin Warsh says inflation risks have dipped – but keeps quiet on rate hikes - New...","Katalizör: Senator Warren Calls For Fed Watchdog Review of Bowman's BofA Dinner, WSJ Reports - GV Wire || Fed chief Kevin Warsh says inflation risks have dipped – but keeps quiet on rate hikes - New... | Teknik: RSI 50.4, 20g 2.64% | Fwd P/E 12.4 | Gelir büy. 24.2% | 52h band 50.2%"
DHR,Danaher Corporation,Healthcare / Biotech / GLP-1,healthcare_biotech,Healthcare,193.49,63.9,55,83,60,68,33,88,1.58,2.66,10.1,63.8,40.2,0.44,137.0,21.0,37.5,5.5,3.7,0.16,0.0,Why Is MSC Industrial Stock Gaining Wednesday? - MSC Industrial Direct Co (NYSE:MSM) - Benzinga || Businessman goes on trial over murder of Maltese journalist,"Katalizör: Why Is MSC Industrial Stock Gaining Wednesday? - MSC Industrial Direct Co (NYSE:MSM) - Benzinga || Businessman goes on trial over murder of Maltese journalist | Teknik: RSI 63.8, 20g 10.1% | Fwd P/E 21.0 | Gelir büy. 3.7% | 52h band 40.2%"
XOM,Exxon Mobil Corporation,Oil / Gas / LNG,energy_oil_gas,Energy,136.49,63.8,100,30,53,45,57,91,-0.17,-0.3,-8.74,19.7,50.1,0.29,565.7,12.6,23.0,1.7,2.6,6.66,0.14,"Exxon Mobil: $70 Oil Price Unlikely To Last (Rating Upgrade) (NYSE:XOM) - Seeking Alpha || Senator Warren Calls For Fed Watchdog Review of Bowman's BofA Dinner, WSJ Reports - GV Wire","Katalizör: Exxon Mobil: $70 Oil Price Unlikely To Last (Rating Upgrade) (NYSE:XOM) - Seeking Alpha || Senator Warren Calls For Fed Watchdog Review of Bowman's BofA Dinner, WSJ Reports - GV Wire | Teknik: RSI 19.7, 20g -8.74% | Fwd P/E 12.6 | Gelir büy. 2.6% | 52h band 50.1%"
ASML,ASML Holding N.V. - New York Re,Semiconductor / Equipment,semiconductor,Technology,1842.51,63.8,59,58,66,90,6,85,-7.39,4.52,8.04,55.0,88.7,0.74,710.1,37.5,62.6,21.1,13.2,0.25,0.0,"Advanced Micro Devices vs Marvell Technology: The Better AI Chip Maker - 24/7 Wall St. || Intel Drops 7%, AMD Slides 5%, Taiwan Semiconductor Falls 6% as BoA Flags “Bubble Risk” - Ya...","Katalizör: Advanced Micro Devices vs Marvell Technology: The Better AI Chip Maker - 24/7 Wall St. || Intel Drops 7%, AMD Slides 5%, Taiwan Semiconductor Falls 6% as BoA Flags “Bubble Risk” - Ya... | Teknik: RSI 55.0, 20g 8.04% | Fwd P/E 37.5 | Gelir büy. 13.2% | 52h band 88.7%"
CVX,Chevron Corporation,Oil / Gas / LNG,energy_oil_gas,Energy,166.38,63.7,100,30,45,49,63,90,0.37,-2.96,-11.29,15.3,38.4,0.46,331.4,13.2,29.0,1.8,2.3,6.01,0.14,"Senator Warren Calls For Fed Watchdog Review of Bowman's BofA Dinner, WSJ Reports - GV Wire || Fed chief Kevin Warsh says inflation risks have dipped – but keeps quiet on rate hikes - New...","Katalizör: Senator Warren Calls For Fed Watchdog Review of Bowman's BofA Dinner, WSJ Reports - GV Wire || Fed chief Kevin Warsh says inflation risks have dipped – but keeps quiet on rate hikes - New... | Teknik: RSI 15.3, 20g -11.29% | Fwd P/E 13.2 | Gelir büy. 2.3% | 52h band 38.4%"
HOOD,"Robinhood Markets, Inc.",Crypto-linked Equities,crypto_equities,Financial Services,108.83,63.6,100,18,71,71,0,74,8.53,11.98,23.45,69.5,50.0,0.54,98.0,36.7,52.8,21.2,15.1,1.43,0.26,St. Cloud Area Showing Local Recession Signs Even As National Numbers Hold Steady - WJON || Fed chief Kevin Warsh says inflation risks have dipped – but keeps quiet on rate hikes - New...,"Katalizör: St. Cloud Area Showing Local Recession Signs Even As National Numbers Hold Steady - WJON || Fed chief Kevin Warsh says inflation risks have dipped – but keeps quiet on rate hikes - New... | Teknik: RSI 69.5, 20g 23.45% | Fwd P/E 36.7 | Gelir büy. 15.1% | 52h band 50.0%"
HAL,Halliburton Company,Oil / Gas / LNG,energy_oil_gas,Energy,33.35,63.5,100,30,51,45,60,88,-1.78,-1.64,-16.55,12.3,58.5,0.34,27.9,11.4,18.4,1.3,-0.3,5.83,0.14,"Senator Warren Calls For Fed Watchdog Review of Bowman's BofA Dinner, WSJ Reports - GV Wire || Fed chief Kevin Warsh says inflation risks have dipped – but keeps quiet on rate hikes - New...","Katalizör: Senator Warren Calls For Fed Watchdog Review of Bowman's BofA Dinner, WSJ Reports - GV Wire || Fed chief Kevin Warsh says inflation risks have dipped – but keeps quiet on rate hikes - New... | Teknik: RSI 12.3, 20g -16.55% | Fwd P/E 11.4 | Gelir büy. -0.3% | 52h band 58.5%"
MDB,"MongoDB, Inc.",Cloud / Software / SaaS,software_cloud,Technology,359.68,63.4,58,74,73,65,21,80,7.08,18.93,-9.73,53.5,66.2,0.62,28.9,49.0,,11.1,25.2,0.38,0.62,"Progress Software (PRGS) Reports Strong Q2 Earnings, Beats Reven - GuruFocus || Fed chief Kevin Warsh says inflation risks have dipped – but keeps quiet on rate hikes - New...","Katalizör: Progress Software (PRGS) Reports Strong Q2 Earnings, Beats Reven - GuruFocus || Fed chief Kevin Warsh says inflation risks have dipped – but keeps quiet on rate hikes - New... | Teknik: RSI 53.5, 20g -9.73% | Fwd P/E 49.0 | Gelir büy. 25.2% | 52h band 66.2%"
LRCX,Lam Research Corporation,Semiconductor / Equipment,semiconductor,Technology,384.17,63.3,59,58,66,92,0,81,-11.35,2.5,14.96,59.7,85.5,0.69,480.4,47.8,72.6,22.2,23.8,0.25,0.0,"Advanced Micro Devices vs Marvell Technology: The Better AI Chip Maker - 24/7 Wall St. || Intel Drops 7%, AMD Slides 5%, Taiwan Semiconductor Falls 6% as BoA Flags “Bubble Risk” - Ya...","Katalizör: Advanced Micro Devices vs Marvell Technology: The Better AI Chip Maker - 24/7 Wall St. || Intel Drops 7%, AMD Slides 5%, Taiwan Semiconductor Falls 6% as BoA Flags “Bubble Risk” - Ya... | Teknik: RSI 59.7, 20g 14.96% | Fwd P/E 47.8 | Gelir büy. 23.8% | 52h band 85.5%"
PFE,"Pfizer, Inc.",Healthcare / Biotech / GLP-1,healthcare_biotech,Healthcare,23.77,63.1,55,83,44,70,52,91,-1.27,-1.1,-6.95,29.8,27.4,0.5,135.5,8.4,18.1,2.1,5.4,0.16,0.0,Why Is MSC Industrial Stock Gaining Wednesday? - MSC Industrial Direct Co (NYSE:MSM) - Benzinga || Businessman goes on trial over murder of Maltese journalist,"Katalizör: Why Is MSC Industrial Stock Gaining Wednesday? - MSC Industrial Direct Co (NYSE:MSM) - Benzinga || Businessman goes on trial over murder of Maltese journalist | Teknik: RSI 29.8, 20g -6.95% | Fwd P/E 8.4 | Gelir büy. 5.4% | 52h band 27.4%"
SLB,SLB Limited,Oil / Gas / LNG,energy_oil_gas,Energy,45.28,63.0,100,30,50,49,48,89,-2.59,-2.84,-19.51,11.9,52.7,0.48,67.7,13.6,19.9,1.9,2.7,5.83,0.14,"Senator Warren Calls For Fed Watchdog Review of Bowman's BofA Dinner, WSJ Reports - GV Wire || Fed chief Kevin Warsh says inflation risks have dipped – but keeps quiet on rate hikes - New...","Katalizör: Senator Warren Calls For Fed Watchdog Review of Bowman's BofA Dinner, WSJ Reports - GV Wire || Fed chief Kevin Warsh says inflation risks have dipped – but keeps quiet on rate hikes - New... | Teknik: RSI 11.9, 20g -19.51% | Fwd P/E 13.6 | Gelir büy. 2.7% | 52h band 52.7%"
TEAM,Atlassian Corporation,Cloud / Software / SaaS,software_cloud,Technology,83.34,62.6,58,74,44,60,75,87,7.13,2.19,-23.61,39.1,16.0,0.47,21.1,13.4,,3.4,31.7,0.38,0.62,"Progress Software (PRGS) Reports Strong Q2 Earnings, Beats Reven - GuruFocus || Fed chief Kevin Warsh says inflation risks have dipped – but keeps quiet on rate hikes - New...","Katalizör: Progress Software (PRGS) Reports Strong Q2 Earnings, Beats Reven - GuruFocus || Fed chief Kevin Warsh says inflation risks have dipped – but keeps quiet on rate hikes - New... | Teknik: RSI 39.1, 20g -23.61% | Fwd P/E 13.4 | Gelir büy. 31.7% | 52h band 16.0%"
AMAT,"Applied Materials, Inc.",Semiconductor / Equipment,semiconductor,Technology,643.01,62.4,59,58,67,82,7,83,-11.06,9.18,31.21,63.7,85.9,0.74,510.5,39.2,60.5,17.6,11.4,0.25,0.0,"Advanced Micro Devices vs Marvell Technology: The Better AI Chip Maker - 24/7 Wall St. || Intel Drops 7%, AMD Slides 5%, Taiwan Semiconductor Falls 6% as BoA Flags “Bubble Risk” - Ya...","Katalizör: Advanced Micro Devices vs Marvell Technology: The Better AI Chip Maker - 24/7 Wall St. || Intel Drops 7%, AMD Slides 5%, Taiwan Semiconductor Falls 6% as BoA Flags “Bubble Risk” - Ya... | Teknik: RSI 63.7, 20g 31.21% | Fwd P/E 39.2 | Gelir büy. 11.4% | 52h band 85.9%"
TXN,Texas Instruments Incorporated,Semiconductor / Equipment,semiconductor,Technology,299.42,62.4,59,58,58,78,29,88,0.45,-1.22,-2.82,55.7,81.8,0.34,272.5,31.3,51.3,14.8,18.6,0.25,0.0,"Advanced Micro Devices vs Marvell Technology: The Better AI Chip Maker - 24/7 Wall St. || Intel Drops 7%, AMD Slides 5%, Taiwan Semiconductor Falls 6% as BoA Flags “Bubble Risk” - Ya...","Katalizör: Advanced Micro Devices vs Marvell Technology: The Better AI Chip Maker - 24/7 Wall St. || Intel Drops 7%, AMD Slides 5%, Taiwan Semiconductor Falls 6% as BoA Flags “Bubble Risk” - Ya... | Teknik: RSI 55.7, 20g -2.82% | Fwd P/E 31.3 | Gelir büy. 18.6% | 52h band 81.8%"
KLAC,KLA Corporation,Semiconductor / Equipment,semiconductor,Technology,264.97,62.3,59,58,70,81,0,86,-12.18,10.18,29.56,60.7,83.1,0.72,346.2,52.3,75.1,26.4,11.5,0.25,0.0,"Advanced Micro Devices vs Marvell Technology: The Better AI Chip Maker - 24/7 Wall St. || Intel Drops 7%, AMD Slides 5%, Taiwan Semiconductor Falls 6% as BoA Flags “Bubble Risk” - Ya...","Katalizör: Advanced Micro Devices vs Marvell Technology: The Better AI Chip Maker - 24/7 Wall St. || Intel Drops 7%, AMD Slides 5%, Taiwan Semiconductor Falls 6% as BoA Flags “Bubble Risk” - Ya... | Teknik: RSI 60.7, 20g 29.56% | Fwd P/E 52.3 | Gelir büy. 11.5% | 52h band 83.1%"
TMO,Thermo Fisher Scientific Inc,Healthcare / Biotech / GLP-1,healthcare_biotech,Healthcare,513.47,61.7,55,83,60,60,28,87,2.42,4.32,6.62,65.1,46.9,0.45,190.8,18.8,28.2,4.2,6.2,0.16,0.0,Why Is MSC Industrial Stock Gaining Wednesday? - MSC Industrial Direct Co (NYSE:MSM) - Benzinga || Businessman goes on trial over murder of Maltese journalist,"Katalizör: Why Is MSC Industrial Stock Gaining Wednesday? - MSC Industrial Direct Co (NYSE:MSM) - Benzinga || Businessman goes on trial over murder of Maltese journalist | Teknik: RSI 65.1, 20g 6.62% | Fwd P/E 18.8 | Gelir büy. 6.2% | 52h band 46.9%"
ZBRA,Zebra Technologies Corporation,Robotics / Physical AI / Automation,robotics_physical_ai,Technology,269.33,61.6,52,52,65,61,78,78,2.3,8.7,5.85,78.7,49.3,0.61,12.8,13.0,32.6,2.3,14.3,0.08,0.0,How foodservice giant Sodexo is embracing AI and robotics to reshape the kitchen - Fortune || Companies rehire workers laid off for AI as automation falls short - qz.com,"Katalizör: How foodservice giant Sodexo is embracing AI and robotics to reshape the kitchen - Fortune || Companies rehire workers laid off for AI as automation falls short - qz.com | Teknik: RSI 78.7, 20g 5.85% | Fwd P/E 13.0 | Gelir büy. 14.3% | 52h band 49.3%"
LLY,Eli Lilly and Company,Healthcare / Biotech / GLP-1,healthcare_biotech,Healthcare,1178.66,61.3,36,83,66,85,7,89,-1.73,5.5,10.76,57.8,91.6,0.39,1051.1,26.5,41.8,14.5,55.5,-1.04,2.15,"Gary Black Dismisses FSD Hype Behind Tesla’s Rally, Says Rising Oil Prices Have Boosted Q2 D... || 'Time for him to pay' - Carroll calls on Trump to pay $5m after president's appeal fails","Katalizör: Gary Black Dismisses FSD Hype Behind Tesla’s Rally, Says Rising Oil Prices Have Boosted Q2 D... || 'Time for him to pay' - Carroll calls on Trump to pay $5m after president's appeal fails | Teknik: RSI 57.8, 20g 10.76% | Fwd P/E 26.5 | Gelir büy. 55.5% | 52h band 91.6%"
ON,ON Semiconductor Corporation,Semiconductor / Equipment,semiconductor,Technology,95.66,60.8,59,58,52,62,68,77,1.19,-17.35,-25.64,43.0,57.0,0.52,37.2,22.2,70.3,6.1,4.7,0.25,0.0,"Advanced Micro Devices vs Marvell Technology: The Better AI Chip Maker - 24/7 Wall St. || Intel Drops 7%, AMD Slides 5%, Taiwan Semiconductor Falls 6% as BoA Flags “Bubble Risk” - Ya...","Katalizör: Advanced Micro Devices vs Marvell Technology: The Better AI Chip Maker - 24/7 Wall St. || Intel Drops 7%, AMD Slides 5%, Taiwan Semiconductor Falls 6% as BoA Flags “Bubble Risk” - Ya... | Teknik: RSI 43.0, 20g -25.64% | Fwd P/E 22.2 | Gelir büy. 4.7% | 52h band 57.0%"
TER,"Teradyne, Inc.",Robotics / Physical AI / Automation,robotics_physical_ai,Technology,430.19,60.8,52,52,64,93,8,79,-11.09,0.7,9.57,60.8,86.4,0.39,67.3,44.1,80.1,17.8,87.0,0.08,0.0,How foodservice giant Sodexo is embracing AI and robotics to reshape the kitchen - Fortune || Companies rehire workers laid off for AI as automation falls short - qz.com,"Katalizör: How foodservice giant Sodexo is embracing AI and robotics to reshape the kitchen - Fortune || Companies rehire workers laid off for AI as automation falls short - qz.com | Teknik: RSI 60.8, 20g 9.57% | Fwd P/E 44.1 | Gelir büy. 87.0% | 52h band 86.4%"
WMB,"Williams Companies, Inc. (The)",Oil / Gas / LNG,energy_oil_gas,Energy,73.11,60.7,100,30,58,53,2,88,-1.65,-3.64,3.28,55.0,76.3,0.55,89.4,28.5,32.1,7.4,9.0,5.83,0.14,"Senator Warren Calls For Fed Watchdog Review of Bowman's BofA Dinner, WSJ Reports - GV Wire || Fed chief Kevin Warsh says inflation risks have dipped – but keeps quiet on rate hikes - New...","Katalizör: Senator Warren Calls For Fed Watchdog Review of Bowman's BofA Dinner, WSJ Reports - GV Wire || Fed chief Kevin Warsh says inflation risks have dipped – but keeps quiet on rate hikes - New... | Teknik: RSI 55.0, 20g 3.28% | Fwd P/E 28.5 | Gelir büy. 9.0% | 52h band 76.3%"
EMR,Emerson Electric Company,Power / Electrification / Grid,power_grid,Industrials,140.74,60.7,51,73,63,68,23,86,-1.69,-0.5,-0.91,55.7,47.7,0.36,78.8,19.6,32.6,4.3,2.9,0.07,0.0,America Bets $50 Billion on Coal and Gas Power as Electricity Demand Soars - Crude Oil Price...,"Katalizör: America Bets $50 Billion on Coal and Gas Power as Electricity Demand Soars - Crude Oil Price... | Teknik: RSI 55.7, 20g -0.91% | Fwd P/E 19.6 | Gelir büy. 2.9% | 52h band 47.7%"
ROK,"Rockwell Automation, Inc.",Power / Electrification / Grid,power_grid,Industrials,486.07,60.0,55,73,63,70,7,80,-1.82,5.58,4.89,68.0,94.7,0.5,54.1,33.3,50.4,6.1,11.9,0.15,0.0,America Bets $50 Billion on Coal and Gas Power as Electricity Demand Soars - Crude Oil Price... || How foodservice giant Sodexo is embracing AI and robotics to reshape the kitchen - Fortune,"Katalizör: America Bets $50 Billion on Coal and Gas Power as Electricity Demand Soars - Crude Oil Price... || How foodservice giant Sodexo is embracing AI and robotics to reshape the kitchen - Fortune | Teknik: RSI 68.0, 20g 4.89% | Fwd P/E 33.3 | Gelir büy. 11.9% | 52h band 94.7%"
ISRG,"Intuitive Surgical, Inc.",Robotics / Physical AI / Automation,robotics_physical_ai,Healthcare,401.99,59.6,59,52,47,88,18,83,1.08,0.04,-0.08,40.8,2.2,0.38,142.4,34.1,48.8,13.5,23.0,0.24,0.0,Why Is MSC Industrial Stock Gaining Wednesday? - MSC Industrial Direct Co (NYSE:MSM) - Benzinga || Businessman goes on trial over murder of Maltese journalist,"Katalizör: Why Is MSC Industrial Stock Gaining Wednesday? - MSC Industrial Direct Co (NYSE:MSM) - Benzinga || Businessman goes on trial over murder of Maltese journalist | Teknik: RSI 40.8, 20g -0.08% | Fwd P/E 34.1 | Gelir büy. 23.0% | 52h band 2.2%"
UNH,UnitedHealth Group Incorporated,Healthcare / Biotech / GLP-1,healthcare_biotech,Healthcare,426.45,59.5,55,83,64,39,38,89,2.6,5.09,13.49,63.4,99.3,0.38,387.3,20.4,32.1,0.9,2.0,0.16,0.0,Why Is MSC Industrial Stock Gaining Wednesday? - MSC Industrial Direct Co (NYSE:MSM) - Benzinga || Businessman goes on trial over murder of Maltese journalist,"Katalizör: Why Is MSC Industrial Stock Gaining Wednesday? - MSC Industrial Direct Co (NYSE:MSM) - Benzinga || Businessman goes on trial over murder of Maltese journalist | Teknik: RSI 63.4, 20g 13.49% | Fwd P/E 20.4 | Gelir büy. 2.0% | 52h band 99.3%"
GEV,GE Vernova Inc.,Power / Electrification / Grid,power_grid,Industrials,1140.32,59.3,51,73,62,69,5,88,-2.94,7.82,17.66,72.5,94.9,0.49,306.4,46.5,33.4,7.8,16.3,0.07,0.0,America Bets $50 Billion on Coal and Gas Power as Electricity Demand Soars - Crude Oil Price...,"Katalizör: America Bets $50 Billion on Coal and Gas Power as Electricity Demand Soars - Crude Oil Price... | Teknik: RSI 72.5, 20g 17.66% | Fwd P/E 46.5 | Gelir büy. 16.3% | 52h band 94.9%"
SNOW,Snowflake Inc.,Cloud / Software / SaaS,software_cloud,Technology,260.42,58.2,58,74,66,53,0,86,2.33,15.26,-0.27,64.0,87.6,0.43,90.3,96.9,,17.9,33.5,0.38,0.62,"Progress Software (PRGS) Reports Strong Q2 Earnings, Beats Reven - GuruFocus || Fed chief Kevin Warsh says inflation risks have dipped – but keeps quiet on rate hikes - New...","Katalizör: Progress Software (PRGS) Reports Strong Q2 Earnings, Beats Reven - GuruFocus || Fed chief Kevin Warsh says inflation risks have dipped – but keeps quiet on rate hikes - New... | Teknik: RSI 64.0, 20g -0.27% | Fwd P/E 96.9 | Gelir büy. 33.5% | 52h band 87.6%"
HUBB,Hubbell Inc,Power / Electrification / Grid,power_grid,Industrials,496.58,58.2,51,73,58,66,14,84,-5.09,-4.17,3.36,57.9,60.9,0.5,26.2,22.0,29.4,4.4,11.1,0.07,0.0,America Bets $50 Billion on Coal and Gas Power as Electricity Demand Soars - Crude Oil Price...,"Katalizör: America Bets $50 Billion on Coal and Gas Power as Electricity Demand Soars - Crude Oil Price... | Teknik: RSI 57.9, 20g 3.36% | Fwd P/E 22.0 | Gelir büy. 11.1% | 52h band 60.9%"
NVT,nVent Electric plc,Power / Electrification / Grid,power_grid,Industrials,160.77,57.5,51,73,56,65,12,83,-5.21,-4.05,-7.28,52.6,79.1,0.39,26.0,28.4,54.9,6.0,53.5,0.07,0.0,America Bets $50 Billion on Coal and Gas Power as Electricity Demand Soars - Crude Oil Price...,"Katalizör: America Bets $50 Billion on Coal and Gas Power as Electricity Demand Soars - Crude Oil Price... | Teknik: RSI 52.6, 20g -7.28% | Fwd P/E 28.4 | Gelir büy. 53.5% | 52h band 79.1%"
AAPL,Apple Inc.,General,general,Technology,293.46,57.5,49,50,58,84,0,93,1.42,0.13,-6.9,51.4,80.9,0.39,4310.0,30.5,35.6,9.5,16.6,0.08,0.0,"Security Breach at Tata Electronics Affects Apple, Tesla, and Other Technology Giants - CPO ...","Katalizör: Security Breach at Tata Electronics Affects Apple, Tesla, and Other Technology Giants - CPO ... | Teknik: RSI 51.4, 20g -6.9% | Fwd P/E 30.5 | Gelir büy. 16.6% | 52h band 80.9%"
O,Realty Income Corporation,REITs / Real Estate,real_estate_reits,Real Estate,62.33,56.9,39,62,67,70,17,87,0.59,0.97,4.48,53.1,69.2,0.31,58.1,36.2,51.1,9.8,12.0,-0.01,0.82,Fed chief Kevin Warsh says inflation risks have dipped – but keeps quiet on rate hikes - New... || ECB’s Stournaras Sees Smaller Likelihood of Further Rate Hike - Bloomberg.com,"Katalizör: Fed chief Kevin Warsh says inflation risks have dipped – but keeps quiet on rate hikes - New... || ECB’s Stournaras Sees Smaller Likelihood of Further Rate Hike - Bloomberg.com | Teknik: RSI 53.1, 20g 4.48% | Fwd P/E 36.2 | Gelir büy. 12.0% | 52h band 69.2%"
VICI,VICI Properties Inc.,REITs / Real Estate,real_estate_reits,Real Estate,26.48,56.5,39,62,46,72,51,87,-0.28,-0.92,-2.25,35.3,6.7,0.36,28.5,9.0,9.1,7.1,3.5,-0.01,0.82,Fed chief Kevin Warsh says inflation risks have dipped – but keeps quiet on rate hikes - New... || ECB’s Stournaras Sees Smaller Likelihood of Further Rate Hike - Bloomberg.com,"Katalizör: Fed chief Kevin Warsh says inflation risks have dipped – but keeps quiet on rate hikes - New... || ECB’s Stournaras Sees Smaller Likelihood of Further Rate Hike - Bloomberg.com | Teknik: RSI 35.3, 20g -2.25% | Fwd P/E 9.0 | Gelir büy. 3.5% | 52h band 6.7%"
HON,Honeywell International Inc.,Robotics / Physical AI / Automation,robotics_physical_ai,Industrials,221.15,56.0,52,52,59,52,46,87,-1.23,-2.76,-5.99,64.6,57.9,0.44,70.1,25.2,17.7,1.9,2.4,0.08,0.0,How foodservice giant Sodexo is embracing AI and robotics to reshape the kitchen - Fortune || Companies rehire workers laid off for AI as automation falls short - qz.com,"Katalizör: How foodservice giant Sodexo is embracing AI and robotics to reshape the kitchen - Fortune || Companies rehire workers laid off for AI as automation falls short - qz.com | Teknik: RSI 64.6, 20g -5.99% | Fwd P/E 25.2 | Gelir büy. 2.4% | 52h band 57.9%"
SPG,"Simon Property Group, Inc.",REITs / Real Estate,real_estate_reits,Real Estate,220.95,55.9,39,62,64,78,0,84,-1.21,-0.54,9.75,60.2,91.2,0.44,84.0,32.8,15.4,12.6,19.3,-0.01,0.82,Fed chief Kevin Warsh says inflation risks have dipped – but keeps quiet on rate hikes - New... || ECB’s Stournaras Sees Smaller Likelihood of Further Rate Hike - Bloomberg.com,"Katalizör: Fed chief Kevin Warsh says inflation risks have dipped – but keeps quiet on rate hikes - New... || ECB’s Stournaras Sees Smaller Likelihood of Further Rate Hike - Bloomberg.com | Teknik: RSI 60.2, 20g 9.75% | Fwd P/E 32.8 | Gelir büy. 19.3% | 52h band 91.2%"
PWR,"Quanta Services, Inc.",Power / Electrification / Grid,power_grid,Industrials,692.47,55.3,51,73,58,48,18,86,-3.83,-1.34,-1.92,57.5,77.5,0.43,103.9,42.1,95.3,3.4,26.3,0.07,0.0,America Bets $50 Billion on Coal and Gas Power as Electricity Demand Soars - Crude Oil Price...,"Katalizör: America Bets $50 Billion on Coal and Gas Power as Electricity Demand Soars - Crude Oil Price... | Teknik: RSI 57.5, 20g -1.92% | Fwd P/E 42.1 | Gelir büy. 26.3% | 52h band 77.5%"
PSA,Public Storage,REITs / Real Estate,real_estate_reits,Real Estate,324.19,55.0,39,62,64,73,0,85,1.85,1.97,9.38,53.8,99.6,0.24,56.9,30.9,33.5,11.7,3.2,-0.01,0.82,Fed chief Kevin Warsh says inflation risks have dipped – but keeps quiet on rate hikes - New... || ECB’s Stournaras Sees Smaller Likelihood of Further Rate Hike - Bloomberg.com,"Katalizör: Fed chief Kevin Warsh says inflation risks have dipped – but keeps quiet on rate hikes - New... || ECB’s Stournaras Sees Smaller Likelihood of Further Rate Hike - Bloomberg.com | Teknik: RSI 53.8, 20g 9.38% | Fwd P/E 30.9 | Gelir büy. 3.2% | 52h band 99.6%"
GNRC,Generac Holdlings Inc.,Power / Electrification / Grid,power_grid,Industrials,272.82,54.9,51,73,57,49,26,74,-6.83,-3.99,-4.13,60.7,85.7,0.64,16.1,24.3,85.5,3.7,12.4,0.07,0.0,America Bets $50 Billion on Coal and Gas Power as Electricity Demand Soars - Crude Oil Price...,"Katalizör: America Bets $50 Billion on Coal and Gas Power as Electricity Demand Soars - Crude Oil Price... | Teknik: RSI 60.7, 20g -4.13% | Fwd P/E 24.3 | Gelir büy. 12.4% | 52h band 85.7%"
WELL,Welltower Inc.,REITs / Real Estate,real_estate_reits,Real Estate,231.27,54.7,39,62,61,71,4,88,1.9,4.45,18.39,75.2,100.0,0.33,163.3,68.8,111.7,13.9,38.3,-0.01,0.82,Fed chief Kevin Warsh says inflation risks have dipped – but keeps quiet on rate hikes - New... || ECB’s Stournaras Sees Smaller Likelihood of Further Rate Hike - Bloomberg.com,"Katalizör: Fed chief Kevin Warsh says inflation risks have dipped – but keeps quiet on rate hikes - New... || ECB’s Stournaras Sees Smaller Likelihood of Further Rate Hike - Bloomberg.com | Teknik: RSI 75.2, 20g 18.39% | Fwd P/E 68.8 | Gelir büy. 38.3% | 52h band 100.0%"
COHR,Coherent Corp.,Semiconductor / Equipment,semiconductor,Technology,369.14,54.0,59,58,50,49,32,76,-6.42,-5.95,-13.53,52.6,83.0,0.48,72.2,45.1,176.6,10.9,20.5,0.25,0.0,"Advanced Micro Devices vs Marvell Technology: The Better AI Chip Maker - 24/7 Wall St. || Intel Drops 7%, AMD Slides 5%, Taiwan Semiconductor Falls 6% as BoA Flags “Bubble Risk” - Ya...","Katalizör: Advanced Micro Devices vs Marvell Technology: The Better AI Chip Maker - 24/7 Wall St. || Intel Drops 7%, AMD Slides 5%, Taiwan Semiconductor Falls 6% as BoA Flags “Bubble Risk” - Ya... | Teknik: RSI 52.6, 20g -13.53% | Fwd P/E 45.1 | Gelir büy. 20.5% | 52h band 83.0%"
DLR,"Digital Realty Trust, Inc.",REITs / Real Estate,real_estate_reits,Real Estate,178.98,53.5,39,62,57,67,10,86,-0.33,-7.27,-3.78,49.3,58.3,1.08,65.1,62.5,47.5,10.3,16.7,-0.01,0.82,Fed chief Kevin Warsh says inflation risks have dipped – but keeps quiet on rate hikes - New... || ECB’s Stournaras Sees Smaller Likelihood of Further Rate Hike - Bloomberg.com,"Katalizör: Fed chief Kevin Warsh says inflation risks have dipped – but keeps quiet on rate hikes - New... || ECB’s Stournaras Sees Smaller Likelihood of Further Rate Hike - Bloomberg.com | Teknik: RSI 49.3, 20g -3.78% | Fwd P/E 62.5 | Gelir büy. 16.7% | 52h band 58.3%"
PLD,"Prologis, Inc.",REITs / Real Estate,real_estate_reits,Real Estate,138.38,53.3,39,62,51,71,12,86,2.15,-1.77,-0.73,38.5,80.2,0.37,129.7,40.8,34.8,13.8,8.3,-0.01,0.82,Fed chief Kevin Warsh says inflation risks have dipped – but keeps quiet on rate hikes - New... || ECB’s Stournaras Sees Smaller Likelihood of Further Rate Hike - Bloomberg.com,"Katalizör: Fed chief Kevin Warsh says inflation risks have dipped – but keeps quiet on rate hikes - New... || ECB’s Stournaras Sees Smaller Likelihood of Further Rate Hike - Bloomberg.com | Teknik: RSI 38.5, 20g -0.73% | Fwd P/E 40.8 | Gelir büy. 8.3% | 52h band 80.2%"
DE,Deere & Company,Robotics / Physical AI / Automation,robotics_physical_ai,Industrials,628.74,52.5,52,52,59,34,45,86,-0.88,4.93,8.83,76.3,86.5,0.31,169.7,27.5,35.7,3.6,-11.1,0.08,0.0,How foodservice giant Sodexo is embracing AI and robotics to reshape the kitchen - Fortune || Companies rehire workers laid off for AI as automation falls short - qz.com,"Katalizör: How foodservice giant Sodexo is embracing AI and robotics to reshape the kitchen - Fortune || Companies rehire workers laid off for AI as automation falls short - qz.com | Teknik: RSI 76.3, 20g 8.83% | Fwd P/E 27.5 | Gelir büy. -11.1% | 52h band 86.5%"
SYM,Symbotic Inc.,Robotics / Physical AI / Automation,robotics_physical_ai,Industrials,46.04,51.5,52,52,56,54,13,75,2.42,16.76,-6.21,64.5,15.3,0.67,27.8,63.8,,11.0,23.1,0.08,0.0,How foodservice giant Sodexo is embracing AI and robotics to reshape the kitchen - Fortune || Companies rehire workers laid off for AI as automation falls short - qz.com,"Katalizör: How foodservice giant Sodexo is embracing AI and robotics to reshape the kitchen - Fortune || Companies rehire workers laid off for AI as automation falls short - qz.com | Teknik: RSI 64.5, 20g -6.21% | Fwd P/E 63.8 | Gelir büy. 23.1% | 52h band 15.3%"
AMT,American Tower Corporation (REI,REITs / Real Estate,real_estate_reits,Real Estate,167.25,51.5,39,62,42,72,7,87,2.25,-4.13,-8.99,27.1,6.1,0.67,77.9,24.3,27.0,7.2,6.8,-0.01,0.82,Fed chief Kevin Warsh says inflation risks have dipped – but keeps quiet on rate hikes - New... || ECB’s Stournaras Sees Smaller Likelihood of Further Rate Hike - Bloomberg.com,"Katalizör: Fed chief Kevin Warsh says inflation risks have dipped – but keeps quiet on rate hikes - New... || ECB’s Stournaras Sees Smaller Likelihood of Further Rate Hike - Bloomberg.com | Teknik: RSI 27.1, 20g -8.99% | Fwd P/E 24.3 | Gelir büy. 6.8% | 52h band 6.1%"
EQIX,"Equinix, Inc.",REITs / Real Estate,real_estate_reits,Real Estate,1030.56,51.2,39,62,56,62,0,85,-1.13,-5.88,-3.85,47.9,78.5,0.67,101.6,53.6,71.1,10.7,12.1,-0.01,0.82,Fed chief Kevin Warsh says inflation risks have dipped – but keeps quiet on rate hikes - New... || ECB’s Stournaras Sees Smaller Likelihood of Further Rate Hike - Bloomberg.com,"Katalizör: Fed chief Kevin Warsh says inflation risks have dipped – but keeps quiet on rate hikes - New... || ECB’s Stournaras Sees Smaller Likelihood of Further Rate Hike - Bloomberg.com | Teknik: RSI 47.9, 20g -3.85% | Fwd P/E 53.6 | Gelir büy. 12.1% | 52h band 78.5%"
IBIT,iShares Bitcoin Trust ETF,Crypto-linked Equities,crypto_equities,-,34.06,50.1,63,18,48,45,45,85,2.3,0.55,-10.5,45.3,2.0,0.67,0.0,,,,,0.32,0.09,CMC Markets Shares Hit Record High After Second FY2027 Profit Upgrade in a Month - AskTraders || 2026 Cybersecurity Assessment: The Gap Between Awareness and Resilience - The Hacker News,"Katalizör: CMC Markets Shares Hit Record High After Second FY2027 Profit Upgrade in a Month - AskTraders || 2026 Cybersecurity Assessment: The Gap Between Awareness and Resilience - The Hacker News | Teknik: RSI 45.3, 20g -10.5% | 52h band 2.0%"
COIN,"Coinbase Global, Inc.",Crypto-linked Equities,crypto_equities,Financial Services,163.44,48.9,66,18,56,49,26,63,11.8,8.88,-6.06,56.0,8.0,0.82,43.1,33.9,60.1,6.9,-30.8,0.53,0.09,CMC Markets Shares Hit Record High After Second FY2027 Profit Upgrade in a Month - AskTraders || 2026 Cybersecurity Assessment: The Gap Between Awareness and Resilience - The Hacker News,"Katalizör: CMC Markets Shares Hit Record High After Second FY2027 Profit Upgrade in a Month - AskTraders || 2026 Cybersecurity Assessment: The Gap Between Awareness and Resilience - The Hacker News | Teknik: RSI 56.0, 20g -6.06% | Fwd P/E 33.9 | Gelir büy. -30.8% | 52h band 8.0%"
AMZN,"Amazon.com, Inc.",AI Infrastructure / Data Center,ai_infra,Consumer Cyclical,244.48,47.5,0,55,63,64,47,89,2.58,4.36,-4.69,54.6,60.0,0.5,2629.9,24.7,32.5,3.5,16.6,-2.59,8.17,Amazon's AI expansion drives emissions to record high - Axios || The cost of the AI boom: Amazon emissions jump 16% as company stands by net-zero pledge - Ge...,"Katalizör: Amazon's AI expansion drives emissions to record high - Axios || The cost of the AI boom: Amazon emissions jump 16% as company stands by net-zero pledge - Ge... | Teknik: RSI 54.6, 20g -4.69% | Fwd P/E 24.7 | Gelir büy. 16.6% | 52h band 60.0%"
MARA,"MARA Holdings, Inc.",Crypto-linked Equities,crypto_equities,Financial Services,13.7,46.9,63,18,62,21,56,63,-1.37,-2.14,-4.06,58.8,43.3,0.7,5.2,-15.8,,6.0,-18.4,0.32,0.09,CMC Markets Shares Hit Record High After Second FY2027 Profit Upgrade in a Month - AskTraders || 2026 Cybersecurity Assessment: The Gap Between Awareness and Resilience - The Hacker News,"Katalizör: CMC Markets Shares Hit Record High After Second FY2027 Profit Upgrade in a Month - AskTraders || 2026 Cybersecurity Assessment: The Gap Between Awareness and Resilience - The Hacker News | Teknik: RSI 58.8, 20g -4.06% | Fwd P/E -15.8 | Gelir büy. -18.4% | 52h band 43.3%"
CEG,Constellation Energy Corporatio,Uranium / Nuclear / SMR,uranium_nuclear,Utilities,234.05,46.8,51,12,44,57,35,87,-5.77,-12.66,-14.16,44.7,0,1.36,83.6,17.2,20.4,2.8,63.8,0.06,0.0,"Europe's Nuclear Ambitions Drive New Interest in Italian Uranium Exploration - Crude Oil Pri... || Trump says Iran denuclearization 'moving along well,' champions dropping oil prices - Yahoo","Katalizör: Europe's Nuclear Ambitions Drive New Interest in Italian Uranium Exploration - Crude Oil Pri... || Trump says Iran denuclearization 'moving along well,' champions dropping oil prices - Yahoo | Teknik: RSI 44.7, 20g -14.16% | Fwd P/E 17.2 | Gelir büy. 63.8% | 52h band 0%"
MCD,McDonald's Corporation,Consumer / Retail,consumer,Consumer Cyclical,270.95,46.7,0,69,46,85,12,88,0.24,-1.07,-1.96,37.9,8.9,0.36,192.5,19.1,22.3,7.0,9.4,-5.76,5.87,St. Cloud Area Showing Local Recession Signs Even As National Numbers Hold Steady - WJON || Fed chief Kevin Warsh says inflation risks have dipped – but keeps quiet on rate hikes - New...,"Katalizör: St. Cloud Area Showing Local Recession Signs Even As National Numbers Hold Steady - WJON || Fed chief Kevin Warsh says inflation risks have dipped – but keeps quiet on rate hikes - New... | Teknik: RSI 37.9, 20g -1.96% | Fwd P/E 19.1 | Gelir büy. 9.4% | 52h band 8.9%"
CCJ,Cameco Corporation,Uranium / Nuclear / SMR,uranium_nuclear,Energy,100.1,46.0,51,12,47,66,3,86,-1.73,-6.13,-16.94,58.8,46.7,0.66,43.6,53.5,95.3,12.3,7.1,0.06,0.0,"Europe's Nuclear Ambitions Drive New Interest in Italian Uranium Exploration - Crude Oil Pri... || Trump says Iran denuclearization 'moving along well,' champions dropping oil prices - Yahoo","Katalizör: Europe's Nuclear Ambitions Drive New Interest in Italian Uranium Exploration - Crude Oil Pri... || Trump says Iran denuclearization 'moving along well,' champions dropping oil prices - Yahoo | Teknik: RSI 58.8, 20g -16.94% | Fwd P/E 53.5 | Gelir büy. 7.1% | 52h band 46.7%"
BWXT,"BWX Technologies, Inc.",Uranium / Nuclear / SMR,uranium_nuclear,Industrials,193.48,45.3,51,12,50,55,15,84,-0.6,-5.92,3.32,59.2,56.4,0.32,17.7,37.3,51.5,5.2,26.1,0.06,0.0,"Europe's Nuclear Ambitions Drive New Interest in Italian Uranium Exploration - Crude Oil Pri... || Trump says Iran denuclearization 'moving along well,' champions dropping oil prices - Yahoo","Katalizör: Europe's Nuclear Ambitions Drive New Interest in Italian Uranium Exploration - Crude Oil Pri... || Trump says Iran denuclearization 'moving along well,' champions dropping oil prices - Yahoo | Teknik: RSI 59.2, 20g 3.32% | Fwd P/E 37.3 | Gelir büy. 26.1% | 52h band 56.4%"
HD,"Home Depot, Inc. (The)",Consumer / Retail,consumer,Consumer Cyclical,353.49,44.0,0,69,64,48,24,89,0.23,3.1,14.32,73.5,48.7,0.32,352.5,22.0,25.1,2.1,4.8,-5.76,5.87,St. Cloud Area Showing Local Recession Signs Even As National Numbers Hold Steady - WJON || Fed chief Kevin Warsh says inflation risks have dipped – but keeps quiet on rate hikes - New...,"Katalizör: St. Cloud Area Showing Local Recession Signs Even As National Numbers Hold Steady - WJON || Fed chief Kevin Warsh says inflation risks have dipped – but keeps quiet on rate hikes - New... | Teknik: RSI 73.5, 20g 14.32% | Fwd P/E 22.0 | Gelir büy. 4.8% | 52h band 48.7%"
MSTR,Strategy Inc,Crypto-linked Equities,crypto_equities,Technology,97.14,43.8,63,18,44,40,23,64,11.75,3.2,-28.62,40.0,4.0,0.84,34.7,21.8,,70.8,11.9,0.32,0.09,CMC Markets Shares Hit Record High After Second FY2027 Profit Upgrade in a Month - AskTraders || 2026 Cybersecurity Assessment: The Gap Between Awareness and Resilience - The Hacker News,"Katalizör: CMC Markets Shares Hit Record High After Second FY2027 Profit Upgrade in a Month - AskTraders || 2026 Cybersecurity Assessment: The Gap Between Awareness and Resilience - The Hacker News | Teknik: RSI 40.0, 20g -28.62% | Fwd P/E 21.8 | Gelir büy. 11.9% | 52h band 4.0%"
DIS,Walt Disney Company (The),Consumer / Retail,consumer,Communication Services,96.46,43.7,0,69,47,52,48,86,0.22,-3.88,-4.15,46.1,15.5,0.43,167.5,12.9,15.4,1.7,6.5,-5.76,5.87,St. Cloud Area Showing Local Recession Signs Even As National Numbers Hold Steady - WJON || Fed chief Kevin Warsh says inflation risks have dipped – but keeps quiet on rate hikes - New...,"Katalizör: St. Cloud Area Showing Local Recession Signs Even As National Numbers Hold Steady - WJON || Fed chief Kevin Warsh says inflation risks have dipped – but keeps quiet on rate hikes - New... | Teknik: RSI 46.1, 20g -4.15% | Fwd P/E 12.9 | Gelir büy. 6.5% | 52h band 15.5%"
TGT,Target Corporation,Consumer / Retail,consumer,Consumer Defensive,130.7,43.1,0,69,57,43,38,87,0.07,-7.44,6.1,53.2,82.2,0.62,59.4,14.6,17.2,0.6,6.7,-5.76,5.87,St. Cloud Area Showing Local Recession Signs Even As National Numbers Hold Steady - WJON || Fed chief Kevin Warsh says inflation risks have dipped – but keeps quiet on rate hikes - New...,"Katalizör: St. Cloud Area Showing Local Recession Signs Even As National Numbers Hold Steady - WJON || Fed chief Kevin Warsh says inflation risks have dipped – but keeps quiet on rate hikes - New... | Teknik: RSI 53.2, 20g 6.1% | Fwd P/E 14.6 | Gelir büy. 6.7% | 52h band 82.2%"
RIOT,"Riot Platforms, Inc.",Crypto-linked Equities,crypto_equities,Financial Services,24.47,42.8,64,18,58,27,7,62,-10.63,-10.76,-10.43,51.8,76.1,1.04,9.3,-41.4,,14.2,3.6,0.42,0.09,CMC Markets Shares Hit Record High After Second FY2027 Profit Upgrade in a Month - AskTraders || 2026 Cybersecurity Assessment: The Gap Between Awareness and Resilience - The Hacker News,"Katalizör: CMC Markets Shares Hit Record High After Second FY2027 Profit Upgrade in a Month - AskTraders || 2026 Cybersecurity Assessment: The Gap Between Awareness and Resilience - The Hacker News | Teknik: RSI 51.8, 20g -10.43% | Fwd P/E -41.4 | Gelir büy. 3.6% | 52h band 76.1%"
NKE,"Nike, Inc.",Consumer / Retail,consumer,Consumer Cyclical,42.06,42.5,0,69,53,45,37,89,2.45,0.56,-3.83,42.0,3.6,2.13,62.3,18.2,20.0,1.3,0.1,-5.76,5.87,St. Cloud Area Showing Local Recession Signs Even As National Numbers Hold Steady - WJON || Fed chief Kevin Warsh says inflation risks have dipped – but keeps quiet on rate hikes - New...,"Katalizör: St. Cloud Area Showing Local Recession Signs Even As National Numbers Hold Steady - WJON || Fed chief Kevin Warsh says inflation risks have dipped – but keeps quiet on rate hikes - New... | Teknik: RSI 42.0, 20g -3.83% | Fwd P/E 18.2 | Gelir büy. 0.1% | 52h band 3.6%"
CLSK,"CleanSpark, Inc.",Crypto-linked Equities,crypto_equities,Financial Services,14.01,40.9,63,18,52,15,29,62,-3.71,-13.68,-20.31,44.3,38.8,0.61,3.6,-19.3,,4.9,-24.9,0.32,0.09,CMC Markets Shares Hit Record High After Second FY2027 Profit Upgrade in a Month - AskTraders || 2026 Cybersecurity Assessment: The Gap Between Awareness and Resilience - The Hacker News,"Katalizör: CMC Markets Shares Hit Record High After Second FY2027 Profit Upgrade in a Month - AskTraders || 2026 Cybersecurity Assessment: The Gap Between Awareness and Resilience - The Hacker News | Teknik: RSI 44.3, 20g -20.31% | Fwd P/E -19.3 | Gelir büy. -24.9% | 52h band 38.8%"
SBUX,Starbucks Corporation,Consumer / Retail,consumer,Consumer Cyclical,103.46,40.6,0,69,61,29,33,88,1.24,-0.07,8.32,63.1,88.7,0.47,117.9,34.4,79.0,3.1,8.8,-5.76,5.87,St. Cloud Area Showing Local Recession Signs Even As National Numbers Hold Steady - WJON || Fed chief Kevin Warsh says inflation risks have dipped – but keeps quiet on rate hikes - New...,"Katalizör: St. Cloud Area Showing Local Recession Signs Even As National Numbers Hold Steady - WJON || Fed chief Kevin Warsh says inflation risks have dipped – but keeps quiet on rate hikes - New... | Teknik: RSI 63.1, 20g 8.32% | Fwd P/E 34.4 | Gelir büy. 8.8% | 52h band 88.7%"
COST,Costco Wholesale Corporation,Consumer / Retail,consumer,Consumer Defensive,924.59,40.6,0,69,43,53,21,88,-1.16,-3.8,-3.11,26.8,31.2,0.57,410.0,40.9,46.4,1.4,21.5,-5.76,5.87,St. Cloud Area Showing Local Recession Signs Even As National Numbers Hold Steady - WJON || Fed chief Kevin Warsh says inflation risks have dipped – but keeps quiet on rate hikes - New...,"Katalizör: St. Cloud Area Showing Local Recession Signs Even As National Numbers Hold Steady - WJON || Fed chief Kevin Warsh says inflation risks have dipped – but keeps quiet on rate hikes - New... | Teknik: RSI 26.8, 20g -3.11% | Fwd P/E 40.9 | Gelir büy. 21.5% | 52h band 31.2%"
WMT,Walmart Inc.,Consumer / Retail,consumer,Consumer Defensive,108.19,39.8,0,69,45,46,21,91,-4.48,-9.08,-4.31,16.3,35.9,1.1,861.0,32.9,38.1,1.2,7.3,-5.76,5.87,St. Cloud Area Showing Local Recession Signs Even As National Numbers Hold Steady - WJON || Fed chief Kevin Warsh says inflation risks have dipped – but keeps quiet on rate hikes - New...,"Katalizör: St. Cloud Area Showing Local Recession Signs Even As National Numbers Hold Steady - WJON || Fed chief Kevin Warsh says inflation risks have dipped – but keeps quiet on rate hikes - New... | Teknik: RSI 16.3, 20g -4.31% | Fwd P/E 32.9 | Gelir büy. 7.3% | 52h band 35.9%"
TSLA,"Tesla, Inc.",Robotics / Physical AI / Automation,robotics_physical_ai,Consumer Cyclical,425.04,39.6,0,52,70,46,3,85,1.06,13.18,0.31,66.4,66.9,0.58,1596.3,169.9,389.9,16.3,15.8,-7.09,7.36,"Gary Black Dismisses FSD Hype Behind Tesla’s Rally, Says Rising Oil Prices Have Boosted Q2 D... || St. Cloud Area Showing Local Recession Signs Even As National Numbers Hold Steady - WJON","Katalizör: Gary Black Dismisses FSD Hype Behind Tesla’s Rally, Says Rising Oil Prices Have Boosted Q2 D... || St. Cloud Area Showing Local Recession Signs Even As National Numbers Hold Steady - WJON | Teknik: RSI 66.4, 20g 0.31% | Fwd P/E 169.9 | Gelir büy. 15.8% | 52h band 66.9%"
UUUU,Energy Fuels Inc,Uranium / Nuclear / SMR,uranium_nuclear,Energy,14.4,38.7,51,12,46,35,0,81,-0.69,-4.19,-26.31,55.7,39.8,0.35,3.6,43.6,,42.4,112.1,0.06,0.0,"Europe's Nuclear Ambitions Drive New Interest in Italian Uranium Exploration - Crude Oil Pri... || Trump says Iran denuclearization 'moving along well,' champions dropping oil prices - Yahoo","Katalizör: Europe's Nuclear Ambitions Drive New Interest in Italian Uranium Exploration - Crude Oil Pri... || Trump says Iran denuclearization 'moving along well,' champions dropping oil prices - Yahoo | Teknik: RSI 55.7, 20g -26.31% | Fwd P/E 43.6 | Gelir büy. 112.1% | 52h band 39.8%"
SMR,NuScale Power Corporation,Uranium / Nuclear / SMR,uranium_nuclear,Industrials,10.35,37.6,51,12,46,24,19,73,3.24,1.42,-25.77,58.4,2.7,0.48,3.6,-15.5,,192.0,-95.8,0.06,0.0,"Europe's Nuclear Ambitions Drive New Interest in Italian Uranium Exploration - Crude Oil Pri... || Trump says Iran denuclearization 'moving along well,' champions dropping oil prices - Yahoo","Katalizör: Europe's Nuclear Ambitions Drive New Interest in Italian Uranium Exploration - Crude Oil Pri... || Trump says Iran denuclearization 'moving along well,' champions dropping oil prices - Yahoo | Teknik: RSI 58.4, 20g -25.77% | Fwd P/E -15.5 | Gelir büy. -95.8% | 52h band 2.7%"
UEC,Uranium Energy Corp.,Uranium / Nuclear / SMR,uranium_nuclear,Energy,10.7,37.5,51,12,43,20,18,86,0.35,-1.86,-30.72,62.4,33.6,0.37,5.3,-100.3,,262.1,,0.06,0.0,"Europe's Nuclear Ambitions Drive New Interest in Italian Uranium Exploration - Crude Oil Pri... || Trump says Iran denuclearization 'moving along well,' champions dropping oil prices - Yahoo","Katalizör: Europe's Nuclear Ambitions Drive New Interest in Italian Uranium Exploration - Crude Oil Pri... || Trump says Iran denuclearization 'moving along well,' champions dropping oil prices - Yahoo | Teknik: RSI 62.4, 20g -30.72% | Fwd P/E -100.3 | 52h band 33.6%"
NXE,Nexgen Energy Ltd.,Uranium / Nuclear / SMR,uranium_nuclear,Energy,9.59,36.3,51,12,47,23,0,80,2.08,-4.82,-22.95,54.8,42.1,0.59,6.3,-55.5,,,,0.06,0.0,"Europe's Nuclear Ambitions Drive New Interest in Italian Uranium Exploration - Crude Oil Pri... || Trump says Iran denuclearization 'moving along well,' champions dropping oil prices - Yahoo","Katalizör: Europe's Nuclear Ambitions Drive New Interest in Italian Uranium Exploration - Crude Oil Pri... || Trump says Iran denuclearization 'moving along well,' champions dropping oil prices - Yahoo | Teknik: RSI 54.8, 20g -22.95% | Fwd P/E -55.5 | 52h band 42.1%"
DNN,Denison Mines Corp,Uranium / Nuclear / SMR,uranium_nuclear,Energy,3.1,31.9,51,12,47,0,0,81,1.3,-2.21,-15.53,63.6,52.6,0.64,2.8,-77.7,,603.5,-19.6,0.06,0.0,"Europe's Nuclear Ambitions Drive New Interest in Italian Uranium Exploration - Crude Oil Pri... || Trump says Iran denuclearization 'moving along well,' champions dropping oil prices - Yahoo","Katalizör: Europe's Nuclear Ambitions Drive New Interest in Italian Uranium Exploration - Crude Oil Pri... || Trump says Iran denuclearization 'moving along well,' champions dropping oil prices - Yahoo | Teknik: RSI 63.6, 20g -15.53% | Fwd P/E -77.7 | Gelir büy. -19.6% | 52h band 52.6%"
